accelerometerAccelerationX,accelerometerAccelerationY,accelerometerAccelerationZ,motionAttitudeReferenceFrame,motionGravityX,motionGravityY,motionGravityZ,motionHeading,motionMagneticFieldAccuracy,motionMagneticFieldX,motionMagneticFieldY,motionMagneticFieldZ,motionPitch,motionQuaternionW,motionQuaternionX,motionQuaternionY,motionQuaternionZ,motionRoll,motionRotationRateX,motionRotationRateY,motionRotationRateZ,motionUserAccelerationX,motionUserAccelerationY,motionUserAccelerationZ,motionYaw,activity
-0.078903,-0.092667,-0.974808,XArbitraryZVertical,-0.066902,-0.084011,-0.994216,-1.000000,-1.000000,0.000000,0.000000,0.000000,0.084110,-0.317326,0.018395,0.050532,0.946791,-0.067190,-0.107791,-0.005052,0.054697,-0.025276,-0.051395,0.037689,-2.491977,0
-0.041260,-0.035080,-0.980881,XArbitraryZVertical,-0.050304,-0.035420,-0.998106,-1.000000,-1.000000,0.000000,0.000000,0.000000,0.035427,-0.322100,0.018112,0.024882,0.946205,-0.050357,-0.472996,0.323873,0.249849,-0.001011,-0.042400,0.023176,-2.484485,0
0.035812,0.165176,-0.991623,XArbitraryZVertical,0.024551,0.100774,-0.994606,-1.000000,-1.000000,0.000000,0.000000,0.000000,-0.100945,-0.346729,0.005990,-0.051584,0.936527,0.024679,-0.071764,0.081949,0.072783,0.010651,0.036647,-0.035743,-2.431183,0
0.029510,0.183777,-0.984360,XArbitraryZVertical,0.033484,0.182529,-0.982630,-1.000000,-1.000000,0.000000,0.000000,0.000000,-0.183558,-0.347383,0.016223,-0.091770,0.933081,0.034063,-0.064233,0.004265,0.007224,-0.005088,-0.005756,0.000758,-2.425661,0
0.028122,0.190598,-0.977020,XArbitraryZVertical,0.031018,0.185414,-0.982171,-1.000000,-1.000000,0.000000,0.000000,0.000000,-0.186493,-0.345907,0.017748,-0.092734,0.933506,0.031571,-0.035613,0.004813,-0.000280,-0.001630,-0.000325,-0.001441,-2.428919,0
0.021027,0.175018,-0.990891,XArbitraryZVertical,0.029684,0.180626,-0.983104,-1.000000,-1.000000,0.000000,0.000000,0.000000,-0.181623,-0.345127,0.017454,-0.090241,0.934045,0.030185,0.037071,0.002871,0.005720,-0.000341,0.004402,-0.004109,-2.430969,0
0.027222,0.188416,-0.977631,XArbitraryZVertical,0.032289,0.186192,-0.981983,-1.000000,-1.000000,0.000000,0.000000,0.000000,-0.187285,-0.346100,0.017308,-0.093323,0.933384,0.032869,-0.094001,0.014707,0.011172,0.001113,0.002254,-0.003125,-2.428337,0
0.036377,0.224289,-0.978897,XArbitraryZVertical,0.038003,0.217412,-0.975340,-1.000000,-1.000000,0.000000,0.000000,0.000000,-0.219163,-0.344588,0.019993,-0.109226,0.932163,0.038944,-0.065749,0.006063,0.010896,0.009498,-0.002126,-0.002565,-2.429137,0
0.034454,0.228882,-0.976837,XArbitraryZVertical,0.036900,0.214879,-0.975943,-1.000000,-1.000000,0.000000,0.000000,0.000000,-0.216568,-0.344790,0.020086,-0.107819,0.932251,0.037792,0.025049,0.006540,-0.021303,0.013912,-0.007817,0.001532,-2.428993,0
0.036209,0.198639,-0.979050,XArbitraryZVertical,0.037035,0.220444,-0.974696,-1.000000,-1.000000,0.000000,0.000000,0.000000,-0.222270,-0.344500,0.020978,-0.110507,0.932024,0.037979,-0.043361,0.016421,-0.011770,0.006971,0.002624,0.004710,-2.429252,0
0.032242,0.212402,-0.976349,XArbitraryZVertical,0.035711,0.212615,-0.976483,-1.000000,-1.000000,0.000000,0.000000,0.000000,-0.214250,-0.342680,0.020002,-0.106575,0.933173,0.036555,-0.002041,-0.002153,0.003243,0.000223,0.004793,-0.000613,-2.433797,0
0.033005,0.217865,-0.978439,XArbitraryZVertical,0.036266,0.217094,-0.975477,-1.000000,-1.000000,0.000000,0.000000,0.000000,-0.218837,-0.342493,0.020511,-0.108816,0.932972,0.037161,-0.001353,0.000634,0.002561,0.000065,-0.002525,-0.000292,-2.433858,0
0.033676,0.215408,-0.978928,XArbitraryZVertical,0.035190,0.214821,-0.976019,-1.000000,-1.000000,0.000000,0.000000,0.000000,-0.216509,-0.342552,0.020623,-0.107541,0.933096,0.036039,0.004762,0.000184,0.000241,0.001416,-0.000771,-0.004251,-2.433998,0
0.034348,0.217499,-0.978149,XArbitraryZVertical,0.034474,0.212329,-0.976590,-1.000000,-1.000000,0.000000,0.000000,0.000000,-0.213957,-0.342272,0.020489,-0.106232,0.933351,0.035286,-0.013467,0.009241,-0.003124,0.000240,-0.001040,-0.001651,-2.434831,0
0.037567,0.217133,-0.982529,XArbitraryZVertical,0.035147,0.213732,-0.976260,-1.000000,-1.000000,0.000000,0.000000,0.000000,-0.215393,-0.342361,0.020429,-0.107017,0.933230,0.035986,0.025003,-0.002161,-0.004577,-0.000540,-0.001222,-0.001951,-2.434478,0
0.032745,0.212097,-0.976562,XArbitraryZVertical,0.035289,0.214257,-0.976140,-1.000000,-1.000000,0.000000,0.000000,0.000000,-0.215932,-0.342226,0.020440,-0.107296,0.933248,0.036135,-0.007573,0.001445,0.000167,-0.002269,-0.000253,-0.000652,-2.434720,0
0.033279,0.208160,-0.974915,XArbitraryZVertical,0.034778,0.213776,-0.976264,-1.000000,-1.000000,0.000000,0.000000,0.000000,-0.215438,-0.342297,0.020604,-0.106975,0.933255,0.035608,-0.006484,0.004833,0.003346,-0.000705,0.000519,-0.000177,-2.434655,0
0.023727,0.220261,-0.979568,XArbitraryZVertical,0.034496,0.213315,-0.976374,-1.000000,-1.000000,0.000000,0.000000,0.000000,-0.214967,-0.342544,0.020684,-0.106701,0.933194,0.035316,-0.003116,-0.005422,0.001434,0.002476,0.000918,-0.000020,-2.434187,0
0.029587,0.217789,-0.977112,XArbitraryZVertical,0.034487,0.215278,-0.975944,-1.000000,-1.000000,0.000000,0.000000,0.000000,-0.216976,-0.342222,0.020997,-0.107644,0.933197,0.035322,-0.008485,0.000623,0.001220,0.002851,0.000192,-0.001687,-2.434762,0
0.032410,0.194672,-0.964447,XArbitraryZVertical,0.034584,0.215688,-0.975850,-1.000000,-1.000000,0.000000,0.000000,0.000000,-0.217397,-0.342096,0.021010,-0.107860,0.933218,0.035425,-0.022136,0.004718,-0.001963,-0.000282,-0.003759,-0.000759,-2.434995,0
0.009827,0.214218,-0.963409,XArbitraryZVertical,0.037094,0.225340,-0.973574,-1.000000,-1.000000,0.000000,0.000000,0.000000,-0.227292,-0.341447,0.021453,-0.112929,0.932846,0.038083,0.010734,-0.015158,0.015770,-0.005768,-0.009108,-0.006468,-2.435483,0
0.050613,0.213470,-0.981979,XArbitraryZVertical,0.033491,0.224408,-0.973920,-1.000000,-1.000000,0.000000,0.000000,0.000000,-0.226336,-0.341442,0.022988,-0.111856,0.932940,0.034374,0.080911,0.046702,-0.043657,-0.014784,0.029910,0.009167,-2.435997,0
0.033340,0.206573,-0.976624,XArbitraryZVertical,0.034815,0.216998,-0.975551,-1.000000,-1.000000,0.000000,0.000000,0.000000,-0.218738,-0.341934,0.021113,-0.108530,0.933197,0.035672,-0.006271,-0.003127,0.023042,-0.000605,0.001340,-0.001576,-2.435236,0
0.029526,0.218430,-0.975266,XArbitraryZVertical,0.032906,0.212757,-0.976551,-1.000000,-1.000000,0.000000,0.000000,0.000000,-0.214396,-0.343326,0.021424,-0.106139,0.932954,0.033683,0.080118,-0.015956,-0.009300,0.000542,0.008312,-0.003994,-2.432730,0
0.032440,0.219803,-0.979645,XArbitraryZVertical,0.032668,0.210534,-0.977041,-1.000000,-1.000000,0.000000,0.000000,0.000000,-0.212121,-0.343914,0.021209,-0.105023,0.932868,0.033424,0.044852,-0.001412,-0.021277,0.004700,0.005531,-0.006388,-2.431627,0
0.036667,0.207397,-0.976974,XArbitraryZVertical,0.033786,0.216486,-0.975701,-1.000000,-1.000000,0.000000,0.000000,0.000000,-0.218214,-0.342321,0.021553,-0.108097,0.933095,0.034614,0.036700,-0.001950,-0.019392,-0.000110,0.011587,-0.001045,-2.434559,0
0.029190,0.217880,-0.973846,XArbitraryZVertical,0.032898,0.219699,-0.975013,-1.000000,-1.000000,0.000000,0.000000,0.000000,-0.221506,-0.342341,0.022542,-0.109478,0.932904,0.033728,0.018264,-0.000946,-0.007795,-0.002564,0.010220,-0.003778,-2.434430,0
0.040085,0.192810,-0.974655,XArbitraryZVertical,0.033153,0.218205,-0.975340,-1.000000,-1.000000,0.000000,0.000000,0.000000,-0.219975,-0.342908,0.022224,-0.108795,0.932783,0.033979,-0.011155,0.001051,0.004789,-0.005245,0.000499,-0.002901,-2.433274,0
0.033966,0.209457,-0.978012,XArbitraryZVertical,0.034248,0.221920,-0.974463,-1.000000,-1.000000,0.000000,0.000000,0.000000,-0.223783,-0.342775,0.022350,-0.110765,0.932597,0.035131,0.030915,-0.018814,-0.007852,0.007028,-0.004329,-0.004968,-2.433200,0
0.029510,0.231293,-0.979874,XArbitraryZVertical,0.031575,0.216675,-0.975733,-1.000000,-1.000000,0.000000,0.000000,0.000000,-0.218407,-0.342207,0.022616,-0.107805,0.933146,0.032349,0.024680,-0.001391,0.000094,-0.001790,-0.002625,0.006907,-2.435055,0
0.031403,0.225616,-0.978943,XArbitraryZVertical,0.031186,0.216435,-0.975799,-1.000000,-1.000000,0.000000,0.000000,0.000000,-0.218161,-0.342858,0.022832,-0.107607,0.932924,0.031949,0.005368,-0.004015,0.003856,-0.002988,0.002086,-0.002091,-2.433719,0
0.023117,0.230560,-0.999924,XArbitraryZVertical,0.027097,0.202831,-0.978839,-1.000000,-1.000000,0.000000,0.000000,0.000000,-0.204248,-0.342342,0.022302,-0.100415,0.933928,0.027675,0.066364,-0.031328,0.004838,-0.009091,0.021656,0.010882,-2.436053,0
0.007416,0.123047,-1.021500,XArbitraryZVertical,0.029379,0.182928,-0.982687,-1.000000,-1.000000,0.000000,0.000000,0.000000,-0.183964,-0.349230,0.018405,-0.091201,0.932406,0.029888,-0.104001,0.032424,0.144537,-0.010581,0.039499,-0.018045,-2.422088,0
-0.428009,-0.146973,-0.836349,XArbitraryZVertical,-0.234116,-0.027340,-0.971824,-1.000000,-1.000000,0.000000,0.000000,0.000000,0.027343,-0.303240,0.108055,0.049113,0.945493,-0.236399,0.903892,-0.224361,-0.402516,0.116898,-0.083362,0.077232,-2.517631,0
-0.036728,-0.123474,-1.254364,XArbitraryZVertical,-0.149977,-0.151942,-0.976944,-1.000000,-1.000000,0.000000,0.000000,0.000000,0.152533,-0.347309,0.043980,0.097947,0.931584,-0.152327,-0.148166,0.057144,0.337973,-0.161470,0.061427,-0.045501,-2.416223,0
0.153214,0.232498,-0.912064,XArbitraryZVertical,-0.177400,0.019096,-0.983954,-1.000000,-1.000000,0.000000,0.000000,0.000000,-0.019097,-0.402572,0.085334,0.027228,0.910995,-0.178377,-0.712412,0.590350,0.469444,0.163331,-0.073738,0.175696,-2.311099,0
1.467056,0.348770,-0.667465,XArbitraryZVertical,0.844371,0.259014,-0.468988,-1.000000,-1.000000,0.000000,0.000000,0.000000,-0.262001,-0.621432,-0.229664,-0.461260,0.590183,1.063794,-1.270530,2.567437,3.152795,0.258794,0.132603,-0.306143,-1.364467,0
0.978928,0.165497,-0.386658,XArbitraryZVertical,0.963604,-0.021834,-0.266440,-1.000000,-1.000000,0.000000,0.000000,0.000000,0.021836,-0.681507,-0.324329,-0.511459,0.410815,1.301033,0.189250,-0.247802,-0.941766,0.015079,0.167220,0.001151,-1.101576,0
0.933594,0.044724,-0.317902,XArbitraryZVertical,0.949538,0.093826,-0.299291,-1.000000,-1.000000,0.000000,0.000000,0.000000,-0.093964,-0.569487,-0.375714,-0.457377,0.570377,1.265457,2.270956,0.195113,-0.284423,0.093477,0.024232,0.045491,-1.503431,0
0.954437,0.058441,-0.305038,XArbitraryZVertical,0.949201,0.095765,-0.299744,-1.000000,-1.000000,0.000000,0.000000,0.000000,-0.095912,-0.497481,-0.426601,-0.410048,0.634338,1.264921,0.047621,0.069563,-0.139536,-0.011762,-0.049867,-0.021682,-1.741144,0
0.955215,0.079910,-0.274551,XArbitraryZVertical,0.959544,0.038369,-0.278934,-1.000000,-1.000000,0.000000,0.000000,0.000000,-0.038378,-0.503679,-0.450887,-0.396528,0.621107,1.287899,-0.068998,0.139094,0.310505,-0.006907,0.022529,-0.025311,-1.750032,0
0.970139,0.035553,-0.294266,XArbitraryZVertical,0.963116,0.018932,-0.268420,-1.000000,-1.000000,0.000000,0.000000,0.000000,-0.018933,-0.516755,-0.452387,-0.401418,0.605949,1.298994,-0.060068,-0.024449,-0.071274,-0.006924,0.064366,-0.010023,-1.714976,0
0.964249,0.060562,-0.285645,XArbitraryZVertical,0.958541,0.064840,-0.277478,-1.000000,-1.000000,0.000000,0.000000,0.000000,-0.064886,-0.500455,-0.442153,-0.407139,0.623124,1.289019,0.073714,-0.015358,-0.142925,0.013993,-0.035452,-0.016574,-1.739514,0
0.958893,0.032761,-0.271347,XArbitraryZVertical,0.954517,0.073549,-0.288944,-1.000000,-1.000000,0.000000,0.000000,0.000000,-0.073615,-0.500396,-0.436325,-0.406384,0.627755,1.276853,-0.071916,-0.014554,0.037016,0.007459,-0.026521,0.010044,-1.740987,0
0.969238,0.044266,-0.295700,XArbitraryZVertical,0.960843,0.044872,-0.273434,-1.000000,-1.000000,0.000000,0.000000,0.000000,-0.044887,-0.507876,-0.446479,-0.404894,0.615450,1.293548,-0.230542,0.079028,0.160359,0.003832,0.014043,-0.001819,-1.727844,0
0.969177,0.074921,-0.274338,XArbitraryZVertical,0.963143,0.029767,-0.267337,-1.000000,-1.000000,0.000000,0.000000,0.000000,-0.029772,-0.517558,-0.447488,-0.407537,0.604815,1.300045,-0.090576,-0.066554,0.002499,0.010535,0.029162,-0.044599,-1.703336,0
0.960800,-0.018433,-0.348129,XArbitraryZVertical,0.956139,0.051324,-0.288381,-1.000000,-1.000000,0.000000,0.000000,0.000000,-0.051347,-0.522734,-0.431166,-0.412196,0.609048,1.277863,-0.015908,-0.101600,-0.092112,0.002860,0.004676,0.016897,-1.684882,0
0.932556,0.047440,-0.330170,XArbitraryZVertical,0.937498,0.092846,-0.335377,-1.000000,-1.000000,0.000000,0.000000,0.000000,-0.092980,-0.547912,-0.387488,-0.426808,0.606202,1.227246,-1.093716,-0.343158,0.087829,0.011996,-0.091396,-0.004039,-1.606212,0
0.905655,0.278809,-0.316635,XArbitraryZVertical,0.925265,0.096340,-0.366882,-1.000000,-1.000000,0.000000,0.000000,0.000000,-0.096490,-0.618551,-0.327682,-0.457366,0.548485,1.193297,-0.949596,-0.131793,0.402392,-0.000720,-0.036907,0.059097,-1.385300,0
0.978317,0.070099,-0.406204,XArbitraryZVertical,0.940052,0.061234,-0.335488,-1.000000,-1.000000,0.000000,0.000000,0.000000,-0.061272,-0.643902,-0.324626,-0.476313,0.503124,1.228004,0.962927,0.296176,0.034398,-0.022358,0.178680,0.016991,-1.283354,0
0.944839,0.058578,-0.341187,XArbitraryZVertical,0.954683,0.044814,-0.294230,-1.000000,-1.000000,0.000000,0.000000,0.000000,-0.044829,-0.581157,-0.390164,-0.447948,0.556211,1.271837,0.661757,-0.038015,-0.311494,0.019514,0.003022,-0.114111,-1.493841,0
0.922989,0.070648,-0.341141,XArbitraryZVertical,0.929879,0.066760,-0.361757,-1.000000,-1.000000,0.000000,0.000000,0.000000,-0.066809,-0.567483,-0.381231,-0.416875,0.599033,1.199776,0.058298,-0.295449,-0.026327,0.008628,-0.012454,0.014696,-1.579171,0
0.939667,0.115631,-0.396301,XArbitraryZVertical,0.924655,0.071784,-0.373980,-1.000000,-1.000000,0.000000,0.000000,0.000000,-0.071846,-0.577674,-0.369820,-0.419814,0.594376,1.186457,-0.512517,0.169672,0.007771,0.000806,-0.013968,0.027239,-1.550842,0
0.949860,0.103806,-0.349350,XArbitraryZVertical,0.944641,0.076169,-0.319141,-1.000000,-1.000000,0.000000,0.000000,0.000000,-0.076243,-0.596608,-0.360143,-0.459050,0.551026,1.244992,-0.153554,0.130571,0.139696,0.004486,0.013263,-0.062482,-1.436671,0
0.941772,0.086136,-0.368637,XArbitraryZVertical,0.945964,0.053896,-0.319762,-1.000000,-1.000000,0.000000,0.000000,0.000000,-0.053922,-0.600391,-0.367686,-0.452687,0.547185,1.244827,-0.285513,-0.135436,-0.044225,0.011769,0.006834,-0.012788,-1.439438,0
0.899918,0.157669,-0.340454,XArbitraryZVertical,0.929199,0.109219,-0.353074,-1.000000,-1.000000,0.000000,0.000000,0.000000,-0.109437,-0.612192,-0.327823,-0.464753,0.549324,1.207670,-0.456173,-0.252350,-0.108693,0.028397,-0.054989,-0.019424,-1.387123,0
0.918457,0.132828,-0.359100,XArbitraryZVertical,0.919353,0.158779,-0.359972,-1.000000,-1.000000,0.000000,0.000000,0.000000,-0.159454,-0.631584,-0.284666,-0.488855,0.530177,1.197596,-0.109113,-0.028288,0.068075,-0.009685,0.000477,0.018404,-1.287731,0
0.925797,0.201813,-0.357193,XArbitraryZVertical,0.935573,0.118636,-0.332608,-1.000000,-1.000000,0.000000,0.000000,0.000000,-0.118916,-0.639589,-0.299131,-0.494183,0.507178,1.229219,-0.131188,0.234434,0.397035,0.005482,-0.011748,-0.006091,-1.256904,0
0.968521,0.151535,-0.290588,XArbitraryZVertical,0.948641,0.100409,-0.299995,-1.000000,-1.000000,0.000000,0.000000,0.000000,-0.100579,-0.666816,-0.279180,-0.521595,0.453160,1.264511,-0.078327,0.043662,0.094876,-0.008059,0.092004,-0.065285,-1.120080,0
0.916702,0.118286,-0.300186,XArbitraryZVertical,0.943293,0.136143,-0.302759,-1.000000,-1.000000,0.000000,0.000000,0.000000,-0.136567,-0.661656,-0.265491,-0.527385,0.462159,1.260223,0.093668,-0.047839,-0.266939,0.039266,0.014995,-0.010412,-1.119751,0
0.947952,0.124466,-0.359573,XArbitraryZVertical,0.921941,0.172891,-0.346603,-1.000000,-1.000000,0.000000,0.000000,0.000000,-0.173764,-0.648093,-0.261348,-0.508326,0.503266,1.211194,0.492173,-0.017472,-0.164854,-0.008626,-0.027277,0.035110,-1.200065,0
0.930115,0.103958,-0.354645,XArbitraryZVertical,0.931348,0.121525,-0.343253,-1.000000,-1.000000,0.000000,0.000000,0.000000,-0.121826,-0.625754,-0.310314,-0.481746,0.529206,1.217688,0.514983,0.165960,0.173535,-0.011319,-0.001438,-0.018365,-1.319005,0
0.920700,0.077682,-0.342804,XArbitraryZVertical,0.930828,0.094440,-0.353043,-1.000000,-1.000000,0.000000,0.000000,0.000000,-0.094581,-0.620018,-0.328536,-0.464266,0.540462,1.208280,0.033329,-0.072214,-0.068397,-0.019345,0.023236,0.008164,-1.368593,0
0.923080,0.083817,-0.356888,XArbitraryZVertical,0.926583,0.113683,-0.358496,-1.000000,-1.000000,0.000000,0.000000,0.000000,-0.113930,-0.609701,-0.327210,-0.462261,0.554539,1.201633,0.013617,-0.025735,-0.160059,0.030356,-0.020391,0.007956,-1.397982,0
0.934723,0.097183,-0.363281,XArbitraryZVertical,0.927774,0.104255,-0.358284,-1.000000,-1.000000,0.000000,0.000000,0.000000,-0.104445,-0.607000,-0.334140,-0.457393,0.557399,1.202264,-0.009737,0.041021,0.084950,0.003440,-0.007636,0.001732,-1.413989,0
0.923828,0.091690,-0.354492,XArbitraryZVertical,0.932646,0.086955,-0.350159,-1.000000,-1.000000,0.000000,0.000000,0.000000,-0.087065,-0.609649,-0.341228,-0.456601,0.550824,1.211634,-0.015771,-0.012825,-0.008395,-0.001707,0.018591,-0.015976,-1.409172,0
0.929520,0.079895,-0.361557,XArbitraryZVertical,0.927630,0.098355,-0.360317,-1.000000,-1.000000,0.000000,0.000000,0.000000,-0.098514,-0.606498,-0.337244,-0.453992,0.558854,1.200306,-0.016095,-0.078138,-0.115674,-0.002322,-0.005383,0.006099,-1.421626,0
0.924438,0.101349,-0.363495,XArbitraryZVertical,0.927056,0.104813,-0.359973,-1.000000,-1.000000,0.000000,0.000000,0.000000,-0.105006,-0.602544,-0.337318,-0.454126,0.562963,1.200420,0.021401,0.019582,0.014360,0.009818,-0.018769,0.007434,-1.430995,0
0.918945,0.095886,-0.345581,XArbitraryZVertical,0.933189,0.088853,-0.348230,-1.000000,-1.000000,0.000000,0.000000,0.000000,-0.088970,-0.604430,-0.344784,-0.454983,0.555679,1.213638,0.041375,0.083606,0.103189,0.000207,0.009688,-0.009573,-1.425015,0
0.945465,0.087784,-0.348923,XArbitraryZVertical,0.932957,0.090766,-0.348357,-1.000000,-1.000000,0.000000,0.000000,0.000000,-0.090891,-0.606977,-0.341741,-0.457203,0.552954,1.213437,-0.028699,-0.001197,-0.032099,0.004268,0.012612,-0.004044,-1.414610,0
0.941498,0.092651,-0.341354,XArbitraryZVertical,0.933263,0.093989,-0.346677,-1.000000,-1.000000,0.000000,0.000000,0.000000,-0.094128,-0.603366,-0.343298,-0.456955,0.556137,1.215126,0.021696,0.000898,-0.032108,0.024760,0.000676,-0.001299,-1.423904,0
0.943756,0.090759,-0.343170,XArbitraryZVertical,0.933849,0.090696,-0.345979,-1.000000,-1.000000,0.000000,0.000000,0.000000,-0.090820,-0.604056,-0.344410,-0.456500,0.555073,1.215988,0.026374,0.054461,0.071918,0.022206,-0.001188,-0.002242,-1.423101,0
0.922897,0.080566,-0.351929,XArbitraryZVertical,0.932228,0.088179,-0.350963,-1.000000,-1.000000,0.000000,0.000000,0.000000,-0.088294,-0.607475,-0.342349,-0.455319,0.553585,1.210731,0.007907,-0.017379,-0.000376,0.000603,0.009889,0.003139,-1.416910,0
0.965805,0.088684,-0.362350,XArbitraryZVertical,0.931322,0.087038,-0.353643,-1.000000,-1.000000,0.000000,0.000000,0.000000,-0.087148,-0.608220,-0.342034,-0.454083,0.553976,1.207892,-0.026404,-0.008011,-0.026015,-0.001833,0.003355,0.017691,-1.417369,0
0.938309,0.089951,-0.375580,XArbitraryZVertical,0.932059,0.088530,-0.351324,-1.000000,-1.000000,0.000000,0.000000,0.000000,-0.088646,-0.607232,-0.342342,-0.455126,0.554014,1.210332,-0.028640,-0.010322,0.018829,-0.001944,-0.013746,0.005804,-1.417862,0
0.941498,0.098892,-0.332458,XArbitraryZVertical,0.937199,0.081806,-0.339066,-1.000000,-1.000000,0.000000,0.000000,0.000000,-0.081897,-0.603517,-0.349847,-0.456151,0.552539,1.223661,0.002655,0.006908,-0.032425,0.008205,-0.017093,-0.019775,-1.425181,0
0.933487,0.074402,-0.365875,XArbitraryZVertical,0.932092,0.086336,-0.351781,-1.000000,-1.000000,0.000000,0.000000,0.000000,-0.086443,-0.605125,-0.345089,-0.452795,0.556520,1.209914,0.060768,0.019855,-0.013479,-0.001093,0.004943,0.026449,-1.427374,0
0.939575,0.087341,-0.345383,XArbitraryZVertical,0.935530,0.085050,-0.342857,-1.000000,-1.000000,0.000000,0.000000,0.000000,-0.085153,-0.603250,-0.348127,-0.455389,0.554543,1.219512,0.010662,-0.007902,0.021704,0.002428,-0.001234,-0.008858,-1.427206,0
0.929520,0.084946,-0.313400,XArbitraryZVertical,0.936005,0.081614,-0.342395,-1.000000,-1.000000,0.000000,0.000000,0.000000,-0.081705,-0.605030,-0.348378,-0.455450,0.552391,1.220112,0.070250,0.037017,0.027016,-0.007401,0.014394,-0.010556,-1.422771,0
0.952087,0.065414,-0.348160,XArbitraryZVertical,0.933945,0.095074,-0.344539,-1.000000,-1.000000,0.000000,0.000000,0.000000,-0.095218,-0.603207,-0.343103,-0.458269,0.555348,1.217378,-0.022972,0.011707,-0.086389,0.008865,-0.001553,0.006481,-1.421835,0
0.939865,0.083633,-0.330566,XArbitraryZVertical,0.937171,0.085893,-0.338130,-1.000000,-1.000000,0.000000,0.000000,0.000000,-0.085999,-0.603480,-0.347971,-0.458095,0.552157,1.224534,0.090902,-0.004685,0.040619,0.010857,0.026488,-0.010686,-1.421616,0
0.949509,0.089020,-0.342163,XArbitraryZVertical,0.936188,0.090445,-0.339665,-1.000000,-1.000000,0.000000,0.000000,0.000000,-0.090569,-0.603209,-0.345826,-0.458881,0.553146,1.222749,-0.016745,0.000526,-0.046552,0.005112,0.007562,0.000736,-1.420755,0
0.946716,0.094070,-0.343124,XArbitraryZVertical,0.936295,0.089541,-0.339610,-1.000000,-1.000000,0.000000,0.000000,0.000000,-0.089661,-0.602291,-0.347035,-0.457998,0.554121,1.222838,-0.013395,-0.018212,0.014808,0.009064,-0.006976,-0.000982,-1.424659,0
0.940704,0.083832,-0.348495,XArbitraryZVertical,0.935945,0.083513,-0.342099,-1.000000,-1.000000,0.000000,0.000000,0.000000,-0.083610,-0.603790,-0.348504,-0.455517,0.553613,1.220370,-0.001036,-0.014114,-0.001045,0.000334,0.006346,0.003965,-1.425666,0
0.866516,0.096695,-0.276718,XArbitraryZVertical,0.935765,0.086755,-0.341785,-1.000000,-1.000000,0.000000,0.000000,0.000000,-0.086864,-0.602080,-0.348361,-0.455798,0.555331,1.220604,0.001051,-0.009276,-0.043478,-0.006917,-0.000207,0.007267,-1.429287,0
0.988541,0.129349,-0.367615,XArbitraryZVertical,0.943983,0.112085,-0.310376,-1.000000,-1.000000,0.000000,0.000000,0.000000,-0.112321,-0.592259,-0.346809,-0.473852,0.551741,1.253136,0.143342,0.475372,0.007405,0.093218,0.022787,0.019773,-1.418644,0
1.003494,0.076782,-0.213730,XArbitraryZVertical,0.972210,0.060156,-0.226249,-1.000000,-1.000000,0.000000,0.000000,0.000000,-0.060192,-0.569367,-0.398245,-0.477783,0.537537,1.342150,0.079348,0.155818,0.186693,-0.000485,-0.011145,-0.004235,-1.465501,0
0.962936,-0.051941,-0.127106,XArbitraryZVertical,0.982608,0.025255,-0.183969,-1.000000,-1.000000,0.000000,0.000000,0.000000,-0.025258,-0.581174,-0.406055,-0.493087,0.504203,1.385714,-0.042992,0.059083,0.022487,-0.006488,0.044249,-0.037131,-1.408233,0
1.012238,0.016266,-0.182953,XArbitraryZVertical,0.989044,-0.002172,-0.147603,-1.000000,-1.000000,0.000000,0.000000,0.000000,0.002172,-0.562532,-0.438279,-0.483849,0.507306,1.422652,-0.107049,0.179566,0.147238,0.005646,-0.005503,0.015462,-1.469519,0
0.974319,0.015961,-0.152328,XArbitraryZVertical,0.989533,-0.021912,-0.142633,-1.000000,-1.000000,0.000000,0.000000,0.000000,0.021914,-0.547511,-0.461781,-0.464158,0.521103,1.427641,0.287614,-0.191383,-0.172801,0.014236,0.048188,-0.019401,-1.540364,0
0.974960,0.038162,-0.212082,XArbitraryZVertical,0.978668,0.043658,-0.200754,-1.000000,-1.000000,0.000000,0.000000,0.000000,-0.043672,-0.522256,-0.447531,-0.446474,0.572386,1.368473,0.305909,-0.111691,-0.186762,0.010284,-0.061923,0.075556,-1.626698,0
0.973740,0.089951,-0.246536,XArbitraryZVertical,0.974965,0.051385,-0.216340,-1.000000,-1.000000,0.000000,0.000000,0.000000,-0.051407,-0.523970,-0.440846,-0.444392,0.577603,1.352439,-0.199134,-0.053191,-0.037920,0.008617,0.008186,-0.029495,-1.626842,0
0.966141,0.056885,-0.227768,XArbitraryZVertical,0.971569,0.060708,-0.228843,-1.000000,-1.000000,0.000000,0.000000,0.000000,-0.060745,-0.528260,-0.431765,-0.446271,0.579105,1.339473,0.146787,-0.009069,-0.027260,0.007344,0.014747,-0.001092,-1.614458,0
0.969894,0.061646,-0.232132,XArbitraryZVertical,0.972037,0.058504,-0.227421,-1.000000,-1.000000,0.000000,0.000000,0.000000,-0.058537,-0.525559,-0.435021,-0.443899,0.580946,1.340967,-0.040413,0.026776,0.032213,0.000222,0.005812,-0.005703,-1.624396,0
0.971100,0.057114,-0.234329,XArbitraryZVertical,0.972113,0.057828,-0.227270,-1.000000,-1.000000,0.000000,0.000000,0.000000,-0.057860,-0.524739,-0.435974,-0.443048,0.581622,1.341132,0.022535,-0.015424,-0.015120,-0.002249,0.000293,0.007726,-1.627636,0
0.966309,0.068787,-0.221344,XArbitraryZVertical,0.971946,0.060022,-0.227416,-1.000000,-1.000000,0.000000,0.000000,0.000000,-0.060059,-0.526182,-0.433850,-0.445046,0.580380,1.340951,-0.028877,-0.018269,-0.006918,0.011834,-0.000345,-0.007356,-1.621042,0
0.968857,0.056686,-0.224976,XArbitraryZVertical,0.971397,0.062013,-0.229223,-1.000000,-1.000000,0.000000,0.000000,0.000000,-0.062053,-0.526858,-0.432198,-0.445638,0.580545,1.339063,-0.043027,0.009852,0.000545,0.006722,0.011916,-0.008555,-1.618561,0
0.968872,0.043991,-0.220154,XArbitraryZVertical,0.971700,0.062295,-0.227857,-1.000000,-1.000000,0.000000,0.000000,0.000000,-0.062336,-0.527464,-0.431768,-0.446820,0.579405,1.340464,-0.019604,0.051746,0.042290,-0.005986,0.010016,-0.016055,-1.615165,0
0.980103,0.062988,-0.224167,XArbitraryZVertical,0.971652,0.065624,-0.227127,-1.000000,-1.000000,0.000000,0.000000,0.000000,-0.065671,-0.527930,-0.429960,-0.448966,0.578665,1.341166,-0.058584,0.022861,0.014503,0.004758,0.001453,0.000351,-1.610331,0
0.975693,0.098190,-0.258484,XArbitraryZVertical,0.971025,0.068456,-0.228965,-1.000000,-1.000000,0.000000,0.000000,0.000000,-0.068509,-0.531480,-0.425664,-0.452026,0.576205,1.339229,-0.132699,-0.039053,-0.020656,0.000228,-0.008611,0.009787,-1.597265,0
0.967514,0.063034,-0.220322,XArbitraryZVertical,0.972453,0.073445,-0.221225,-1.000000,-1.000000,0.000000,0.000000,0.000000,-0.073511,-0.539271,-0.417878,-0.463428,0.565508,1.347111,0.095207,-0.035187,-0.031223,0.017644,0.027293,-0.001294,-1.559609,0
0.974655,0.068970,-0.228745,XArbitraryZVertical,0.971295,0.073288,-0.226308,-1.000000,-1.000000,0.000000,0.000000,0.000000,-0.073354,-0.536023,-0.420081,-0.458670,0.570818,1.341884,0.000316,0.029091,0.017211,0.000873,0.002029,0.000493,-1.575410,0
0.982208,0.084763,-0.230637,XArbitraryZVertical,0.971765,0.072775,-0.224449,-1.000000,-1.000000,0.000000,0.000000,0.000000,-0.072840,-0.534322,-0.421882,-0.458029,0.571598,1.343806,0.020178,0.009375,-0.008225,0.003760,-0.007987,0.009270,-1.580239,0
0.978027,0.073120,-0.225204,XArbitraryZVertical,0.971675,0.074236,-0.224359,-1.000000,-1.000000,0.000000,0.000000,0.000000,-0.074305,-0.536093,-0.419777,-0.460008,0.569898,1.343874,0.003252,-0.007255,-0.006872,0.002965,0.004758,-0.006141,-1.572794,0
0.975891,0.080673,-0.228149,XArbitraryZVertical,0.971425,0.074056,-0.225498,-1.000000,-1.000000,0.000000,0.000000,0.000000,-0.074124,-0.535083,-0.420558,-0.458674,0.571345,1.342705,0.012151,-0.000189,-0.005619,0.002467,-0.003469,0.006000,-1.577423,0
0.973160,0.070374,-0.226181,XArbitraryZVertical,0.971649,0.074244,-0.224468,-1.000000,-1.000000,0.000000,0.000000,0.000000,-0.074313,-0.535745,-0.420043,-0.459707,0.570273,1.343762,-0.024402,-0.006886,-0.002281,-0.000946,-0.000804,-0.002614,-1.574100,0
0.973785,0.074997,-0.227005,XArbitraryZVertical,0.971609,0.074178,-0.224663,-1.000000,-1.000000,0.000000,0.000000,0.000000,-0.074246,-0.535672,-0.420113,-0.459536,0.570427,1.343562,0.016928,0.007596,0.002262,-0.002050,0.005244,-0.000602,-1.574571,0
0.978790,0.070770,-0.220978,XArbitraryZVertical,0.971693,0.073725,-0.224448,-1.000000,-1.000000,0.000000,0.000000,0.000000,-0.073792,-0.536752,-0.419478,-0.460232,0.569317,1.343791,-0.235796,-0.074005,0.020991,-0.009428,-0.022394,0.002784,-1.570964,0
0.973755,0.090912,-0.211365,XArbitraryZVertical,0.970355,0.078787,-0.228483,-1.000000,-1.000000,0.000000,0.000000,0.000000,-0.078869,-0.534676,-0.418334,-0.459081,0.573030,1.339546,0.180130,0.013410,-0.017429,0.016584,-0.018546,-0.020327,-1.577550,0
0.972992,0.075287,-0.232742,XArbitraryZVertical,0.969922,0.075708,-0.231344,-1.000000,-1.000000,0.000000,0.000000,0.000000,-0.075781,-0.527388,-0.425205,-0.451141,0.580977,1.336653,-0.028683,-0.006784,-0.038640,0.008350,-0.011728,0.000143,-1.607577,0
0.984680,0.058075,-0.225754,XArbitraryZVertical,0.971053,0.070753,-0.228146,-1.000000,-1.000000,0.000000,0.000000,0.000000,-0.070813,-0.527936,-0.427460,-0.450783,0.579100,1.340035,-0.053409,0.001223,0.010009,0.004747,0.019823,0.000546,-1.607053,0
0.969620,0.094940,-0.239517,XArbitraryZVertical,0.969939,0.075211,-0.231433,-1.000000,-1.000000,0.000000,0.000000,0.000000,-0.075282,-0.527492,-0.425346,-0.450960,0.580920,1.336570,-0.054360,0.005933,0.017226,0.002732,-0.008942,0.006701,-1.607684,0
0.971268,0.077255,-0.233749,XArbitraryZVertical,0.970379,0.073725,-0.230062,-1.000000,-1.000000,0.000000,0.000000,0.000000,-0.073792,-0.528385,-0.425503,-0.451570,0.579517,1.338010,0.050984,-0.015055,-0.023034,0.007129,-0.006419,0.000967,-1.604681,0
0.972244,0.082764,-0.245804,XArbitraryZVertical,0.970066,0.072742,-0.231692,-1.000000,-1.000000,0.000000,0.000000,0.000000,-0.072806,-0.528175,-0.425932,-0.450263,0.580411,1.336347,-0.024514,-0.017981,-0.012557,0.004803,0.001065,0.005999,-1.607491,0
0.974243,0.065704,-0.215775,XArbitraryZVertical,0.970458,0.073962,-0.229654,-1.000000,-1.000000,0.000000,0.000000,0.000000,-0.074030,-0.529718,-0.424400,-0.452833,0.578123,1.338426,0.076233,-0.002507,-0.023344,0.001069,0.013089,-0.005880,-1.599561,0
0.973831,0.079575,-0.230103,XArbitraryZVertical,0.970271,0.076197,-0.229712,-1.000000,-1.000000,0.000000,0.000000,0.000000,-0.076271,-0.531512,-0.421937,-0.455097,0.576499,1.338326,-0.125749,0.023729,0.031922,-0.000911,0.003240,-0.016504,-1.591622,0
0.970505,0.077911,-0.241531,XArbitraryZVertical,0.969613,0.075991,-0.232540,-1.000000,-1.000000,0.000000,0.000000,0.000000,-0.076064,-0.528672,-0.423934,-0.451675,0.580324,1.335414,0.022027,-0.002686,-0.002597,0.002249,-0.016482,0.011974,-1.603889,0
0.972275,0.081833,-0.232269,XArbitraryZVertical,0.970391,0.075574,-0.229410,-1.000000,-1.000000,0.000000,0.000000,0.000000,-0.075646,-0.532022,-0.421860,-0.455334,0.575897,1.338648,-0.004859,0.009313,0.000902,-0.002023,0.012470,-0.008306,-1.590100,0
0.972351,0.084320,-0.237061,XArbitraryZVertical,0.969827,0.076895,-0.231352,-1.000000,-1.000000,0.000000,0.000000,0.000000,-0.076971,-0.530375,-0.422319,-0.453839,0.578255,1.336623,-0.070785,-0.012268,-0.005118,0.004737,-0.013372,0.013075,-1.596340,0
0.971451,0.069809,-0.225342,XArbitraryZVertical,0.970300,0.076848,-0.229375,-1.000000,-1.000000,0.000000,0.000000,0.000000,-0.076924,-0.532566,-0.420834,-0.456302,0.575379,1.338662,0.011313,-0.009089,-0.011585,0.002921,0.005564,-0.008845,-1.587169,0
0.970581,0.071823,-0.230423,XArbitraryZVertical,0.970467,0.076828,-0.228673,-1.000000,-1.000000,0.000000,0.000000,0.000000,-0.076904,-0.533189,-0.420426,-0.457062,0.574496,1.339386,0.009691,0.007236,0.002314,-0.000405,0.011078,-0.004436,-1.584445,0
0.975372,0.077087,-0.228226,XArbitraryZVertical,0.970363,0.076594,-0.229191,-1.000000,-1.000000,0.000000,0.000000,0.000000,-0.076669,-0.532607,-0.420941,-0.456303,0.575261,1.338856,-0.005661,-0.003037,-0.003477,0.001622,0.001363,-0.002880,-1.587078,0
0.970322,0.078674,-0.221039,XArbitraryZVertical,0.970585,0.077717,-0.227872,-1.000000,-1.000000,0.000000,0.000000,0.000000,-0.077795,-0.534501,-0.419045,-0.458765,0.572926,1.340195,0.006152,0.003628,0.008208,0.001110,0.004849,-0.012073,-1.578507,0
0.974640,0.087494,-0.230835,XArbitraryZVertical,0.970070,0.079211,-0.229541,-1.000000,-1.000000,0.000000,0.000000,0.000000,-0.079294,-0.534371,-0.418265,-0.458567,0.573775,1.338446,-0.021247,-0.005010,-0.005202,0.012855,-0.005618,-0.001461,-1.579150,0
0.978302,0.079880,-0.231598,XArbitraryZVertical,0.970092,0.078690,-0.229627,-1.000000,-1.000000,0.000000,0.000000,0.000000,-0.078772,-0.534849,-0.418120,-0.458652,0.573368,1.338368,0.012034,-0.012893,0.005761,0.004898,-0.005128,0.000806,-1.577968,0
0.975464,0.082794,-0.229553,XArbitraryZVertical,0.970154,0.079611,-0.229051,-1.000000,-1.000000,0.000000,0.000000,0.000000,-0.079695,-0.536649,-0.416299,-0.460619,0.571431,1.338945,-0.063323,-0.008972,-0.001958,0.003891,-0.011664,-0.009871,-1.570470,0
0.964523,0.076996,-0.242401,XArbitraryZVertical,0.968091,0.086013,-0.235377,-1.000000,-1.000000,0.000000,0.000000,0.000000,-0.086119,-0.541464,-0.408704,-0.463975,0.569654,1.332289,-0.067572,-0.054079,-0.023303,-0.002682,0.007066,-0.008749,-1.553821,0
0.963409,0.089600,-0.238831,XArbitraryZVertical,0.964865,0.093457,-0.245564,-1.000000,-1.000000,0.000000,0.000000,0.000000,-0.093594,-0.540256,-0.405071,-0.461666,0.575244,1.321581,-0.040226,-0.025781,-0.011804,0.009104,-0.015699,0.010197,-1.560729,0
0.968491,0.081955,-0.235291,XArbitraryZVertical,0.964529,0.095601,-0.246058,-1.000000,-1.000000,0.000000,0.000000,0.000000,-0.095747,-0.542328,-0.402322,-0.463798,0.573506,1.321017,-0.060958,0.001724,0.001415,0.003733,0.006648,0.002573,-1.552255,0
1.001190,0.092361,-0.254837,XArbitraryZVertical,0.966740,0.091486,-0.238840,-1.000000,-1.000000,0.000000,0.000000,0.000000,-0.091614,-0.540350,-0.406637,-0.463925,0.572225,1.328589,-0.010281,0.030458,0.009476,0.002880,0.007239,-0.002859,-1.556327,0
0.968323,0.128922,-0.237259,XArbitraryZVertical,0.966770,0.097989,-0.236123,-1.000000,-1.000000,0.000000,0.000000,0.000000,-0.098146,-0.540508,-0.403643,-0.467985,0.570887,1.331247,-0.127858,0.038064,0.013876,-0.013035,-0.016736,0.009195,-1.548367,0
0.968704,0.104034,-0.220535,XArbitraryZVertical,0.970388,0.099069,-0.220301,-1.000000,-1.000000,0.000000,0.000000,0.000000,-0.099232,-0.545839,-0.400013,-0.479416,0.558757,1.347557,-0.280214,0.068259,-0.014839,-0.004568,-0.015421,-0.004019,-1.514933,0
0.976242,0.077118,-0.224472,XArbitraryZVertical,0.971460,0.093521,-0.217988,-1.000000,-1.000000,0.000000,0.000000,0.000000,-0.093658,-0.544816,-0.403800,-0.477443,0.558721,1.350060,0.308467,-0.050319,0.015602,0.005789,-0.014847,0.001069,-1.521006,0
0.953522,0.048950,-0.224701,XArbitraryZVertical,0.969227,0.092597,-0.228088,-1.000000,-1.000000,0.000000,0.000000,0.000000,-0.092730,-0.546592,-0.401932,-0.473716,0.561499,1.339672,0.253451,-0.133620,-0.082550,-0.007512,0.043145,-0.024384,-1.524240,0
0.951416,0.074173,-0.188446,XArbitraryZVertical,0.965228,0.089980,-0.245435,-1.000000,-1.000000,0.000000,0.000000,0.000000,-0.090102,-0.535532,-0.410497,-0.456919,0.579588,1.321797,0.018537,0.005010,-0.016130,0.006879,0.015153,-0.003268,-1.579693,0
0.970993,0.123474,-0.261078,XArbitraryZVertical,0.965145,0.093566,-0.244419,-1.000000,-1.000000,0.000000,0.000000,0.000000,-0.093703,-0.528415,-0.414488,-0.453862,0.585651,1.322765,-0.016130,0.022669,0.029107,0.002018,0.005784,-0.008007,-1.600504,0
0.977371,0.090881,-0.227081,XArbitraryZVertical,0.967790,0.093678,-0.233683,-1.000000,-1.000000,0.000000,0.000000,0.000000,-0.093815,-0.542590,-0.404251,-0.468764,0.567836,1.333871,0.067454,-0.033702,-0.005081,-0.003129,0.005169,0.011149,-1.542382,0
0.978256,0.077026,-0.231918,XArbitraryZVertical,0.967498,0.094867,-0.234409,-1.000000,-1.000000,0.000000,0.000000,0.000000,-0.095009,-0.544258,-0.402226,-0.470117,0.566558,1.333093,-0.051177,0.008335,0.023785,0.003007,0.017362,0.008716,-1.536180,0
0.961624,0.120697,-0.249802,XArbitraryZVertical,0.967379,0.100090,-0.232723,-1.000000,-1.000000,0.000000,0.000000,0.000000,-0.100258,-0.546492,-0.397957,-0.474625,0.563656,1.334712,-0.026614,0.001429,0.014339,-0.002138,-0.011147,-0.008061,-1.522692,0
0.975739,0.048370,-0.222168,XArbitraryZVertical,0.966610,0.099307,-0.236225,-1.000000,-1.000000,0.000000,0.000000,0.000000,-0.099471,-0.546058,-0.398400,-0.472403,0.565626,1.331109,0.007441,0.052940,0.017033,-0.004239,-0.000720,0.025151,-1.527883,0
0.964264,0.116302,-0.237503,XArbitraryZVertical,0.969824,0.096001,-0.224108,-1.000000,-1.000000,0.000000,0.000000,0.000000,-0.096149,-0.545777,-0.401280,-0.476362,0.560519,1.343701,-0.127579,-0.009986,0.006795,0.005395,0.011879,-0.010481,-1.520960,0
0.970993,0.073105,-0.226715,XArbitraryZVertical,0.968839,0.088749,-0.231248,-1.000000,-1.000000,0.000000,0.000000,0.000000,-0.088866,-0.542171,-0.407207,-0.467503,0.567164,1.336495,0.101241,0.012003,0.024856,0.002979,-0.025853,0.013627,-1.545678,0
0.978409,0.099625,-0.234940,XArbitraryZVertical,0.971188,0.087579,-0.221639,-1.000000,-1.000000,0.000000,0.000000,0.000000,-0.087691,-0.544779,-0.406447,-0.473267,0.560388,1.346425,0.043109,0.011840,0.025624,0.002063,0.028312,-0.023509,-1.529092,0
0.972107,0.076202,-0.225082,XArbitraryZVertical,0.970235,0.087152,-0.225938,-1.000000,-1.000000,0.000000,0.000000,0.000000,-0.087263,-0.544188,-0.406786,-0.470698,0.562875,1.342005,0.061194,-0.033154,-0.013540,0.001704,0.011801,-0.006118,-1.535258,0
0.964615,0.085663,-0.248947,XArbitraryZVertical,0.969051,0.092739,-0.228780,-1.000000,-1.000000,0.000000,0.000000,0.000000,-0.092872,-0.544956,-0.403180,-0.472288,0.563394,1.338955,-0.101550,0.043771,0.116334,-0.039439,-0.050136,0.071294,-1.530546,0
0.974869,0.092987,-0.223694,XArbitraryZVertical,0.967371,0.100794,-0.232453,-1.000000,-1.000000,0.000000,0.000000,0.000000,-0.100965,-0.550595,-0.394153,-0.477930,0.559528,1.334974,-0.050659,-0.085999,0.004313,0.007071,0.003256,-0.009246,-1.507286,0
0.983658,-0.120712,-0.270905,XArbitraryZVertical,0.966541,0.100650,-0.235940,-1.000000,-1.000000,0.000000,0.000000,0.000000,-0.100821,-0.552454,-0.392363,-0.477579,0.559253,1.331372,-0.066917,-0.022457,0.004734,0.005932,-0.008838,-0.000297,-1.503831,0
0.971924,0.133896,-0.244400,XArbitraryZVertical,0.967502,0.104882,-0.230087,-1.000000,-1.000000,0.000000,0.000000,0.000000,-0.105075,-0.555554,-0.388005,-0.484158,0.553537,1.337318,-0.089339,0.005902,-0.005663,0.000958,0.019279,-0.002365,-1.484112,0
0.970551,0.106720,-0.227646,XArbitraryZVertical,0.966580,0.101569,-0.235387,-1.000000,-1.000000,0.000000,0.000000,0.000000,-0.101744,-0.553513,-0.391044,-0.478948,0.557958,1.331920,0.043514,0.040760,-0.007163,-0.006527,-0.001624,0.002019,-1.498827,0
0.963272,0.114777,-0.252579,XArbitraryZVertical,0.967834,0.091819,-0.234237,-1.000000,-1.000000,0.000000,0.000000,0.000000,-0.091949,-0.545724,-0.402504,-0.469970,0.565070,1.333340,0.381515,-0.000008,0.009896,0.005219,0.013177,-0.022171,-1.533256,0
0.973129,0.126190,-0.295029,XArbitraryZVertical,0.965264,0.074860,-0.250323,-1.000000,-1.000000,0.000000,0.000000,0.000000,-0.074930,-0.522902,-0.426551,-0.439195,0.593072,1.317054,-0.003837,-0.002341,-0.000693,-0.002526,-0.047516,0.034427,-1.638400,0
0.972046,0.115860,-0.225571,XArbitraryZVertical,0.965184,0.079485,-0.249201,-1.000000,-1.000000,0.000000,0.000000,0.000000,-0.079569,-0.529800,-0.419398,-0.446660,0.586441,1.318125,0.056465,-0.007798,0.035854,0.001963,-0.008624,-0.011374,-1.610547,0
0.992783,0.126465,-0.291748,XArbitraryZVertical,0.962997,0.088918,-0.254419,-1.000000,-1.000000,0.000000,0.000000,0.000000,-0.089035,-0.540307,-0.406214,-0.455829,0.579032,1.312503,0.106858,-0.036253,-0.038375,-0.011856,0.024363,-0.006964,-1.571374,0
0.959488,-0.044739,-0.275436,XArbitraryZVertical,0.958172,0.057774,-0.280300,-1.000000,-1.000000,0.000000,0.000000,0.000000,-0.057806,-0.508799,-0.439155,-0.408647,0.617473,1.286201,0.121681,-0.011253,0.015149,-0.009656,-0.091679,0.055217,-1.719857,0
0.962662,0.037964,-0.266891,XArbitraryZVertical,0.960209,0.043706,-0.275842,-1.000000,-1.000000,0.000000,0.000000,0.000000,-0.043720,-0.508248,-0.446287,-0.403618,0.616121,1.291057,-0.055690,0.060582,0.076088,0.005779,0.012003,-0.008582,-1.729162,0
0.993530,-0.004120,-0.293823,XArbitraryZVertical,0.964547,0.056704,-0.257748,-1.000000,-1.000000,0.000000,0.000000,0.000000,-0.056734,-0.516367,-0.438280,-0.423128,0.601863,1.309676,1.282994,-0.089533,-0.019819,0.024253,0.262632,-0.107410,-1.679844,0
0.976105,0.072281,-0.300735,XArbitraryZVertical,0.958692,0.043565,-0.281089,-1.000000,-1.000000,0.000000,0.000000,0.000000,-0.043579,-0.501204,-0.449899,-0.396290,0.623971,1.285589,-0.898520,0.254059,0.204395,-0.019056,-0.003785,0.035728,-1.755517,0
0.957184,0.050934,-0.297501,XArbitraryZVertical,0.961285,0.031440,-0.273757,-1.000000,-1.000000,0.000000,0.000000,0.000000,-0.031445,-0.496993,-0.458959,-0.390485,0.624401,1.293358,0.204082,-0.019995,0.010335,0.005680,-0.030601,0.006896,-1.773318,0
0.950317,-0.032333,-0.246780,XArbitraryZVertical,0.959773,0.016223,-0.280307,-1.000000,-1.000000,0.000000,0.000000,0.000000,-0.016223,-0.482811,-0.472156,-0.370020,0.638003,1.286644,0.108907,-0.030253,-0.037237,-0.016216,-0.002291,0.021549,-1.833811,0
0.954742,0.064102,-0.279266,XArbitraryZVertical,0.962112,0.024399,-0.271561,-1.000000,-1.000000,0.000000,0.000000,0.000000,-0.024401,-0.486335,-0.468765,-0.380104,0.631870,1.295698,-0.460148,0.057842,0.027822,0.001221,-0.002762,0.009278,-1.811176,0
0.989502,0.157776,-0.346878,XArbitraryZVertical,0.965454,0.044418,-0.256760,-1.000000,-1.000000,0.000000,0.000000,0.000000,-0.044432,-0.502725,-0.453068,-0.407860,0.612901,1.310866,0.031607,-0.006270,-0.010761,0.008179,0.029282,-0.017761,-1.733509,0
0.986176,0.049393,-0.279190,XArbitraryZVertical,0.961611,0.049818,-0.269858,-1.000000,-1.000000,0.000000,0.000000,0.000000,-0.049838,-0.498946,-0.450891,-0.402205,0.621274,1.297203,0.133970,-0.013677,-0.046412,0.005842,0.022524,-0.013422,-1.750552,0
0.965576,0.147232,-0.286041,XArbitraryZVertical,0.964435,0.092681,-0.247537,-1.000000,-1.000000,0.000000,0.000000,0.000000,-0.092814,-0.534118,-0.410090,-0.456134,0.581796,1.319554,-0.313397,0.063325,0.113072,0.005657,0.080324,-0.012457,-1.584173,0
0.982941,0.124191,-0.252274,XArbitraryZVertical,0.962022,0.095567,-0.255696,-1.000000,-1.000000,0.000000,0.000000,0.000000,-0.095713,-0.538325,-0.404474,-0.456675,0.581424,1.311012,0.191029,-0.050068,-0.018782,-0.004030,-0.018648,0.012746,-1.574119,0
0.974075,0.078873,-0.272324,XArbitraryZVertical,0.957272,0.096408,-0.272646,-1.000000,-1.000000,0.000000,0.000000,0.000000,-0.096558,-0.514098,-0.419846,-0.432905,0.609939,1.293328,-0.167571,-0.014388,0.031855,-0.014767,-0.071627,0.014132,-1.667995,0
0.949722,0.123856,-0.276123,XArbitraryZVertical,0.959398,0.105086,-0.261748,-1.000000,-1.000000,0.000000,0.000000,0.000000,-0.105280,-0.531275,-0.404707,-0.453143,0.590441,1.304454,-0.427243,-0.035142,0.000050,0.014341,0.000657,0.001768,-1.595754,0
0.899048,0.068848,-0.254623,XArbitraryZVertical,0.958427,0.115333,-0.260989,-1.000000,-1.000000,0.000000,0.000000,0.000000,-0.115590,-0.541029,-0.392256,-0.464371,0.581191,1.304933,0.294940,0.106402,0.001811,-0.003685,0.016778,0.066089,-1.553978,0
0.958389,0.212006,-0.254807,XArbitraryZVertical,0.962314,0.108831,-0.249215,-1.000000,-1.000000,0.000000,0.000000,0.000000,-0.109047,-0.545531,-0.392983,-0.470060,0.571842,1.317389,-0.053983,0.007583,0.063094,-0.013293,0.015070,-0.009513,-1.533443,0
0.973434,0.111084,-0.269257,XArbitraryZVertical,0.962278,0.099623,-0.253174,-1.000000,-1.000000,0.000000,0.000000,0.000000,-0.099788,-0.546961,-0.395900,-0.465485,0.572206,1.313528,0.088253,0.024138,0.018080,-0.003049,-0.002821,-0.016892,-1.538946,0
0.977188,0.083755,-0.209061,XArbitraryZVertical,0.963832,0.100047,-0.247018,-1.000000,-1.000000,0.000000,0.000000,0.000000,-0.100215,-0.543842,-0.398851,-0.466271,0.572490,1.319909,0.077785,-0.004926,-0.029451,0.004902,0.013158,-0.040046,-1.544315,0
0.959961,0.077377,-0.256760,XArbitraryZVertical,0.961770,0.104311,-0.253216,-1.000000,-1.000000,0.000000,0.000000,0.000000,-0.104501,-0.542083,-0.397577,-0.464031,0.576848,1.313357,-0.119151,-0.007760,-0.064549,-0.000085,-0.002169,-0.009220,-1.552338,0
0.965393,0.146484,-0.244461,XArbitraryZVertical,0.959386,0.109157,-0.260121,-1.000000,-1.000000,0.000000,0.000000,0.000000,-0.109374,-0.545987,-0.391360,-0.465593,0.576158,1.306029,0.087501,-0.034808,-0.049982,-0.000860,0.018560,-0.015377,-1.540855,0
0.966843,0.155090,-0.288712,XArbitraryZVertical,0.962315,0.091203,-0.256187,-1.000000,-1.000000,0.000000,0.000000,0.000000,-0.091330,-0.535215,-0.408903,-0.452444,0.584498,1.310612,0.026482,0.027892,0.128382,0.025035,-0.031877,-0.073647,-1.588550,0
0.969543,0.041992,-0.238052,XArbitraryZVertical,0.964001,0.068520,-0.256918,-1.000000,-1.000000,0.000000,0.000000,0.000000,-0.068573,-0.518720,-0.431505,-0.430516,0.599490,1.310339,0.403079,0.012893,-0.029706,-0.005490,-0.007118,0.016363,-1.662310,0
0.970886,0.110214,-0.258286,XArbitraryZVertical,0.967787,0.063934,-0.243516,-1.000000,-1.000000,0.000000,0.000000,0.000000,-0.063977,-0.514435,-0.438636,-0.431092,0.597591,1.324292,-0.464681,0.025092,0.039171,0.012727,-0.025649,-0.021560,-1.670196,0
0.972687,0.065186,-0.227295,XArbitraryZVertical,0.967688,0.074096,-0.241019,-1.000000,-1.000000,0.000000,0.000000,0.000000,-0.074164,-0.518234,-0.431645,-0.439515,0.593248,1.326696,0.064717,0.005736,-0.028915,0.008814,-0.009475,-0.011651,-1.647603,0
0.961700,0.084259,-0.245529,XArbitraryZVertical,0.968722,0.069812,-0.238127,-1.000000,-1.000000,0.000000,0.000000,0.000000,-0.069869,-0.517236,-0.434725,-0.438121,0.592900,1.329760,-0.043568,0.007990,0.016026,-0.004458,-0.003208,-0.007326,-1.652117,0
0.969254,0.065842,-0.235794,XArbitraryZVertical,0.968168,0.071605,-0.239840,-1.000000,-1.000000,0.000000,0.000000,0.000000,-0.071667,-0.518636,-0.432640,-0.439207,0.592399,1.327960,-0.047241,-0.017973,-0.011332,0.010683,-0.012523,0.004564,-1.647296,0
0.966751,0.075211,-0.243057,XArbitraryZVertical,0.968208,0.073156,-0.239212,-1.000000,-1.000000,0.000000,0.000000,0.000000,-0.073221,-0.523478,-0.428396,-0.443701,0.587858,1.328580,-0.011235,-0.002461,0.005985,0.002999,0.015269,-0.009308,-1.629186,0
0.969025,0.069763,-0.238800,XArbitraryZVertical,0.967691,0.074833,-0.240780,-1.000000,-1.000000,0.000000,0.000000,0.000000,-0.074903,-0.522996,-0.427785,-0.443407,0.588953,1.326929,0.017262,0.000843,-0.008483,0.003547,-0.006352,0.003155,-1.630732,0
0.971268,0.073410,-0.247437,XArbitraryZVertical,0.967812,0.074655,-0.240346,-1.000000,-1.000000,0.000000,0.000000,0.000000,-0.074725,-0.524659,-0.426667,-0.444727,0.587287,1.327381,-0.017163,-0.003907,0.001449,0.006370,0.005011,-0.004527,-1.624875,0
0.967606,0.075089,-0.242340,XArbitraryZVertical,0.967896,0.073913,-0.240238,-1.000000,-1.000000,0.000000,0.000000,0.000000,-0.073980,-0.523988,-0.427529,-0.443959,0.587839,1.327507,0.039394,0.006058,-0.000742,0.009933,0.001740,-0.005215,-1.627655,0
0.976196,0.069061,-0.239471,XArbitraryZVertical,0.967963,0.073034,-0.240236,-1.000000,-1.000000,0.000000,0.000000,0.000000,-0.073100,-0.521246,-0.429992,-0.441575,0.590271,1.327524,0.029739,0.002440,-0.003358,-0.000693,-0.001043,0.002382,-1.637652,0
0.968674,0.068863,-0.236221,XArbitraryZVertical,0.968574,0.070784,-0.238440,-1.000000,-1.000000,0.000000,0.000000,0.000000,-0.070843,-0.519391,-0.432644,-0.439999,0.591145,1.329420,0.033577,0.012027,0.001318,-0.001716,0.002962,-0.000559,-1.644314,0
0.968430,0.066299,-0.235733,XArbitraryZVertical,0.968940,0.068702,-0.237561,-1.000000,-1.000000,0.000000,0.000000,0.000000,-0.068756,-0.518329,-0.434498,-0.438670,0.591706,1.330363,-0.014747,-0.006749,0.011957,-0.003806,-0.000953,0.005826,-1.648868,0
0.968842,0.067291,-0.233307,XArbitraryZVertical,0.968621,0.069798,-0.238540,-1.000000,-1.000000,0.000000,0.000000,0.000000,-0.069855,-0.519365,-0.433098,-0.439496,0.591211,1.329333,0.043284,-0.008905,-0.018644,0.005470,-0.002706,0.006210,-1.645255,0
0.974258,0.067505,-0.238373,XArbitraryZVertical,0.968898,0.068965,-0.237656,-1.000000,-1.000000,0.000000,0.000000,0.000000,-0.069020,-0.519767,-0.433297,-0.439802,0.590484,1.330260,0.008428,0.002451,0.001285,-0.000835,0.003484,-0.008437,-1.643869,0
0.971878,0.063675,-0.236893,XArbitraryZVertical,0.968362,0.069457,-0.239691,-1.000000,-1.000000,0.000000,0.000000,0.000000,-0.069513,-0.519455,-0.433028,-0.438909,0.591618,1.328152,-0.043970,-0.026893,-0.017393,0.011649,-0.003570,0.009298,-1.646100,0
0.964539,0.085541,-0.243347,XArbitraryZVertical,0.968480,0.071123,-0.238723,-1.000000,-1.000000,0.000000,0.000000,0.000000,-0.071183,-0.522521,-0.430111,-0.442316,0.588501,1.329121,0.012364,0.012954,0.004232,-0.004521,0.013121,-0.010865,-1.633655,0
0.969162,0.061951,-0.231400,XArbitraryZVertical,0.967729,0.073349,-0.241080,-1.000000,-1.000000,0.000000,0.000000,0.000000,-0.073415,-0.520280,-0.430456,-0.440645,0.591480,1.326647,-0.019187,-0.008168,0.007931,-0.000154,-0.009690,0.008948,-1.641326,0
0.971329,0.070953,-0.241852,XArbitraryZVertical,0.968169,0.072679,-0.239512,-1.000000,-1.000000,0.000000,0.000000,0.000000,-0.072743,-0.522578,-0.429252,-0.442703,0.588785,1.328278,-0.007748,-0.005955,-0.011174,0.000749,0.008330,-0.001393,-1.632851,0
0.970871,0.082489,-0.245285,XArbitraryZVertical,0.968363,0.072625,-0.238745,-1.000000,-1.000000,0.000000,0.000000,0.000000,-0.072689,-0.522018,-0.429799,-0.442606,0.588956,1.329072,-0.016634,0.012123,0.005482,0.000845,0.001289,-0.004266,-1.634200,0
0.973953,0.074921,-0.243378,XArbitraryZVertical,0.968333,0.072616,-0.238866,-1.000000,-1.000000,0.000000,0.000000,0.000000,-0.072680,-0.521753,-0.429987,-0.442355,0.589243,1.328947,-0.016828,0.014112,0.011631,0.000859,-0.002654,-0.002360,-1.635201,0
0.963898,0.087997,-0.246613,XArbitraryZVertical,0.967877,0.072553,-0.240728,-1.000000,-1.000000,0.000000,0.000000,0.000000,-0.072617,-0.522364,-0.429309,-0.441961,0.589491,1.327025,-0.034361,-0.032947,0.003260,0.008594,-0.005887,-0.009958,-1.634619,0
0.971115,0.084274,-0.248688,XArbitraryZVertical,0.967408,0.076027,-0.241541,-1.000000,-1.000000,0.000000,0.000000,0.000000,-0.076101,-0.525520,-0.425229,-0.445432,0.587026,1.326120,-0.088435,0.019605,-0.004426,-0.000229,-0.002099,-0.005072,-1.621804,0
0.971146,0.062210,-0.241928,XArbitraryZVertical,0.967069,0.076937,-0.242606,-1.000000,-1.000000,0.000000,0.000000,0.000000,-0.077013,-0.523335,-0.426324,-0.443785,0.589427,1.325002,-0.001743,0.020310,-0.004733,0.004900,-0.016772,0.013281,-1.629355,0
0.964218,0.070053,-0.240616,XArbitraryZVertical,0.968015,0.074401,-0.239606,-1.000000,-1.000000,0.000000,0.000000,0.000000,-0.074469,-0.524166,-0.427253,-0.444581,0.587412,1.328151,0.006354,-0.001743,-0.022894,-0.003858,0.009828,-0.005695,-1.626174,0
0.971939,0.069336,-0.240631,XArbitraryZVertical,0.967938,0.076066,-0.239396,-1.000000,-1.000000,0.000000,0.000000,0.000000,-0.076139,-0.522788,-0.427558,-0.444406,0.588550,1.328336,-0.025339,0.004068,0.001554,0.003315,-0.003983,-0.000259,-1.629393,0
0.973434,0.080597,-0.240051,XArbitraryZVertical,0.968345,0.076354,-0.237650,-1.000000,-1.000000,0.000000,0.000000,0.000000,-0.076428,-0.523634,-0.427010,-0.445912,0.587054,1.330134,0.015891,-0.004351,-0.004353,0.003167,0.005311,-0.006765,-1.624921,0
0.969574,0.082977,-0.240891,XArbitraryZVertical,0.968174,0.077021,-0.238132,-1.000000,-1.000000,0.000000,0.000000,0.000000,-0.077097,-0.523735,-0.426565,-0.446068,0.587169,1.329623,-0.009167,0.001509,0.000749,0.001446,0.000647,-0.002178,-1.624431,0
0.971115,0.074905,-0.238083,XArbitraryZVertical,0.967721,0.077846,-0.239701,-1.000000,-1.000000,0.000000,0.000000,0.000000,-0.077925,-0.523553,-0.426120,-0.445613,0.587999,1.327987,0.006363,-0.001986,0.003308,-0.003930,-0.000255,0.001603,-1.625632,0
0.975571,0.073822,-0.250107,XArbitraryZVertical,0.967790,0.077252,-0.239612,-1.000000,-1.000000,0.000000,0.000000,0.000000,-0.077329,-0.523320,-0.426582,-0.445221,0.588169,1.328090,-0.013520,0.006825,0.010001,0.006117,-0.006161,-0.002850,-1.626823,0
0.975479,0.070587,-0.244019,XArbitraryZVertical,0.968327,0.075109,-0.238122,-1.000000,-1.000000,0.000000,0.000000,0.000000,-0.075180,-0.522312,-0.428522,-0.444193,0.588431,1.329670,0.024731,0.017655,0.013359,0.006405,-0.008489,-0.005667,-1.630767,0
0.975403,0.078308,-0.255997,XArbitraryZVertical,0.968172,0.077426,-0.238007,-1.000000,-1.000000,0.000000,0.000000,0.000000,-0.077504,-0.523893,-0.426273,-0.446416,0.586975,1.329745,-0.093893,0.014904,0.005698,0.008787,-0.012592,-0.009216,-1.623475,0
0.960449,0.080551,-0.221359,XArbitraryZVertical,0.968998,0.067596,-0.237640,-1.000000,-1.000000,0.000000,0.000000,0.000000,-0.067647,-0.525877,-0.429331,-0.443683,0.585041,1.330300,0.090227,0.033506,0.044930,0.001049,0.020341,0.004242,-1.624141,0
1.018005,0.061386,-0.158310,XArbitraryZVertical,0.974963,0.082592,-0.206461,-1.000000,-1.000000,0.000000,0.000000,0.000000,-0.082686,-0.511024,-0.437669,-0.453007,0.584880,1.362116,0.148648,0.318507,-0.075150,0.008680,0.001621,0.037104,-1.638356,0
0.943192,0.098831,-0.144669,XArbitraryZVertical,0.986680,0.070396,-0.146651,-1.000000,-1.000000,0.000000,0.000000,0.000000,-0.070454,-0.500718,-0.458004,-0.465732,0.567985,1.423246,-0.154798,0.213068,0.040745,-0.045625,0.027444,0.017684,-1.635753,0
0.994598,0.006012,-0.066650,XArbitraryZVertical,0.995601,0.024182,-0.090518,-1.000000,-1.000000,0.000000,0.000000,0.000000,-0.024185,-0.486533,-0.496332,-0.456503,0.555468,1.480127,0.621318,0.068881,0.100317,-0.017589,-0.021543,0.010669,-1.680832,0
1.013336,-0.003220,-0.098816,XArbitraryZVertical,0.996193,0.010056,-0.086594,-1.000000,-1.000000,0.000000,0.000000,0.000000,-0.010056,-0.467507,-0.518118,-0.433886,0.569854,1.484089,-0.117144,0.008648,0.070378,0.011391,-0.030091,-0.002319,-1.758261,0
0.988388,0.000015,-0.091507,XArbitraryZVertical,0.995366,-0.004006,-0.096081,-1.000000,-1.000000,0.000000,0.000000,0.000000,0.004006,-0.469315,-0.521632,-0.424099,0.572524,1.474567,0.084971,-0.048502,0.015070,0.001720,-0.008186,0.007046,-1.771918,0
0.994812,-0.008072,-0.106522,XArbitraryZVertical,0.994472,-0.007497,-0.104738,-1.000000,-1.000000,0.000000,0.000000,0.000000,0.007497,-0.473950,-0.518561,-0.422759,0.572486,1.465863,-0.108134,-0.026262,0.039714,0.001882,-0.006511,-0.001463,-1.765319,0
0.985489,-0.007080,-0.106415,XArbitraryZVertical,0.994032,-0.014563,-0.108113,-1.000000,-1.000000,0.000000,0.000000,0.000000,0.014564,-0.480800,-0.516051,-0.423833,0.568232,1.462460,-0.020788,0.013853,0.003859,-0.004988,-0.003885,0.001378,-1.750169,0
1.002594,-0.031250,-0.081985,XArbitraryZVertical,0.994844,-0.012380,-0.100663,-1.000000,-1.000000,0.000000,0.000000,0.000000,0.012380,-0.472007,-0.522598,-0.420191,0.572311,1.469955,0.199687,0.014014,0.033311,0.023467,-0.008006,0.002762,-1.773495,0
1.003601,-0.030426,-0.093552,XArbitraryZVertical,0.995357,-0.020703,-0.093995,-1.000000,-1.000000,0.000000,0.000000,0.000000,0.020704,-0.468953,-0.529219,-0.415848,0.571910,1.476642,0.104168,0.021675,0.007409,0.004948,-0.010959,-0.004714,-1.786826,0
0.995621,-0.025223,-0.082062,XArbitraryZVertical,0.995314,-0.025276,-0.093332,-1.000000,-1.000000,0.000000,0.000000,0.000000,0.025279,-0.464762,-0.534225,-0.409802,0.575032,1.477298,0.011195,-0.016977,-0.021100,-0.001753,-0.003350,0.008524,-1.805125,0
0.997467,-0.023254,-0.097839,XArbitraryZVertical,0.995277,-0.021300,-0.094708,-1.000000,-1.000000,0.000000,0.000000,0.000000,0.021301,-0.465641,-0.531760,-0.412161,0.574919,1.475925,0.001587,-0.013323,-0.015317,0.003304,0.001845,-0.003192,-1.799437,0
0.993286,-0.020142,-0.097290,XArbitraryZVertical,0.995133,-0.020606,-0.096361,-1.000000,-1.000000,0.000000,0.000000,0.000000,0.020607,-0.465756,-0.531158,-0.411935,0.575545,1.474265,0.004925,-0.009497,0.000254,0.002487,0.001227,0.001085,-1.799598,0
0.999603,-0.018402,-0.105148,XArbitraryZVertical,0.994980,-0.021735,-0.097688,-1.000000,-1.000000,0.000000,0.000000,0.000000,0.021736,-0.467290,-0.530340,-0.412184,0.574878,1.472929,-0.022871,-0.002911,-0.000515,0.000687,0.002692,-0.004912,-1.796244,0
1.000244,-0.028870,-0.089111,XArbitraryZVertical,0.994800,-0.023922,-0.099002,-1.000000,-1.000000,0.000000,0.000000,0.000000,0.023925,-0.467662,-0.530793,-0.410801,0.575146,1.471603,0.013307,-0.009401,0.010658,0.002500,-0.000202,0.005634,-1.797877,0
0.999313,-0.035431,-0.091873,XArbitraryZVertical,0.994792,-0.028666,-0.097807,-1.000000,-1.000000,0.000000,0.000000,0.000000,0.028670,-0.467403,-0.533101,-0.408533,0.574837,1.472792,0.044995,0.001967,0.017832,0.003682,-0.002568,0.002287,-1.802221,0
0.995255,-0.032806,-0.095718,XArbitraryZVertical,0.994640,-0.031718,-0.098411,-1.000000,-1.000000,0.000000,0.000000,0.000000,0.031724,-0.468232,-0.533678,-0.407409,0.574425,1.472176,-0.001170,-0.003789,0.000675,-0.003094,-0.007237,-0.000465,-1.802533,0
0.993744,-0.029037,-0.103256,XArbitraryZVertical,0.994464,-0.031505,-0.100247,-1.000000,-1.000000,0.000000,0.000000,0.000000,0.031510,-0.469434,-0.532474,-0.407857,0.574243,1.470331,-0.021805,-0.001715,0.008081,0.001706,0.001643,-0.002735,-1.799465,0
0.992737,-0.036514,-0.094833,XArbitraryZVertical,0.994413,-0.034003,-0.099933,-1.000000,-1.000000,0.000000,0.000000,0.000000,0.034010,-0.468752,-0.534025,-0.406018,0.574663,1.470638,0.032721,-0.004128,0.004688,0.000414,-0.003259,0.003879,-1.803876,0
0.995209,-0.033905,-0.099197,XArbitraryZVertical,0.994294,-0.034376,-0.100985,-1.000000,-1.000000,0.000000,0.000000,0.000000,0.034382,-0.469583,-0.533438,-0.406143,0.574442,1.469579,-0.020192,-0.002217,-0.004387,0.000732,0.000394,0.001513,-1.802068,0
0.995529,-0.037766,-0.101288,XArbitraryZVertical,0.994190,-0.034095,-0.102096,-1.000000,-1.000000,0.000000,0.000000,0.000000,0.034102,-0.470020,-0.532853,-0.406226,0.574569,1.468462,-0.025581,0.000591,-0.002527,-0.000095,-0.000161,0.005386,-1.801083,0
0.996094,-0.043381,-0.099365,XArbitraryZVertical,0.994190,-0.034095,-0.102096,-1.000000,-1.000000,0.000000,0.000000,0.000000,0.034102,-0.470020,-0.532853,-0.406226,0.574569,1.468462,-0.025581,0.000591,-0.002527,-0.000095,-0.000161,0.005386,-1.801083,0
0.997787,-0.036484,-0.097549,XArbitraryZVertical,0.994202,-0.034747,-0.101762,-1.000000,-1.000000,0.000000,0.000000,0.000000,0.034754,-0.469657,-0.533425,-0.405680,0.574721,1.468796,0.016984,-0.007536,-0.004976,0.003403,-0.005200,0.003297,-1.802700,0
0.996521,-0.029266,-0.106537,XArbitraryZVertical,0.994360,-0.032834,-0.100850,-1.000000,-1.000000,0.000000,0.000000,0.000000,0.032840,-0.468903,-0.533308,-0.406395,0.574939,1.469720,0.026911,-0.000026,-0.014937,0.003733,-0.004168,0.003667,-1.802946,0
1.001724,-0.036331,-0.103073,XArbitraryZVertical,0.994300,-0.032196,-0.101641,-1.000000,-1.000000,0.000000,0.000000,0.000000,0.032201,-0.470003,-0.532154,-0.407421,0.574384,1.468927,-0.036760,-0.001075,0.005556,0.003381,-0.000687,-0.004530,-1.799102,0
0.995621,-0.035889,-0.096863,XArbitraryZVertical,0.994295,-0.032156,-0.101703,-1.000000,-1.000000,0.000000,0.000000,0.000000,0.032162,-0.469836,-0.532247,-0.407261,0.574548,1.468864,0.003453,-0.004788,-0.002005,0.007902,-0.000467,-0.002316,-1.799693,0
0.986115,-0.012314,-0.134293,XArbitraryZVertical,0.994313,-0.031106,-0.101852,-1.000000,-1.000000,0.000000,0.000000,0.000000,0.031111,-0.469051,-0.532351,-0.407033,0.575254,1.468717,0.010382,-0.013330,-0.026417,0.000911,-0.003501,0.005600,-1.801581,0
0.940979,-0.032700,-0.112610,XArbitraryZVertical,0.993923,-0.024824,-0.107245,-1.000000,-1.000000,0.000000,0.000000,0.000000,0.024827,-0.475126,-0.524654,-0.413661,0.572606,1.463311,0.078230,-0.024651,-0.049052,-0.011241,0.013853,-0.025735,-1.778632,0
1.008560,0.027008,-0.136307,XArbitraryZVertical,0.992179,-0.004808,-0.124728,-1.000000,-1.000000,0.000000,0.000000,0.000000,0.004808,-0.471745,-0.516258,-0.413658,0.582941,1.445741,-0.205701,-0.160368,-0.153895,-0.043281,-0.030654,0.011248,-1.785123,0
1.014603,0.070572,-0.158188,XArbitraryZVertical,0.989334,0.025887,-0.143345,-1.000000,-1.000000,0.000000,0.000000,0.000000,-0.025889,-0.482680,-0.492651,-0.430839,0.581973,1.426907,-0.254403,-0.078836,-0.156222,0.019836,0.001457,0.005818,-1.734375,0
0.986801,0.080704,-0.180756,XArbitraryZVertical,0.987825,0.047374,-0.148177,-1.000000,-1.000000,0.000000,0.000000,0.000000,-0.047392,-0.484024,-0.481550,-0.440479,0.582931,1.421903,0.075607,-0.000312,-0.044946,0.026777,0.023198,-0.010011,-1.714853,0
0.999985,0.013870,-0.128220,XArbitraryZVertical,0.987629,0.045522,-0.150053,-1.000000,-1.000000,0.000000,0.000000,0.000000,-0.045538,-0.490406,-0.477287,-0.444039,0.578385,1.420017,0.046579,0.051742,0.026063,-0.000386,0.035319,-0.031115,-1.695915,0
0.995056,0.018509,-0.165787,XArbitraryZVertical,0.988109,0.024327,-0.151815,-1.000000,-1.000000,0.000000,0.000000,0.000000,-0.024330,-0.476809,-0.496409,-0.421510,0.590391,1.418346,0.081030,-0.035847,0.089699,0.010975,-0.010594,0.024267,-1.761981,0
0.994400,0.010880,-0.165176,XArbitraryZVertical,0.986351,0.020224,-0.163408,-1.000000,-1.000000,0.000000,0.000000,0.000000,-0.020225,-0.483425,-0.491736,-0.420109,0.589918,1.406619,0.010239,-0.072402,0.001223,0.008033,-0.000906,-0.004103,-1.751431,0
0.988708,0.012878,-0.172440,XArbitraryZVertical,0.984755,0.018608,-0.172948,-1.000000,-1.000000,0.000000,0.000000,0.000000,-0.018609,-0.483389,-0.491009,-0.415255,0.593977,1.396944,-0.051589,-0.009789,0.018243,0.012941,-0.006844,0.004430,-1.759748,0
0.991089,0.005707,-0.162659,XArbitraryZVertical,0.983789,0.015771,-0.178637,-1.000000,-1.000000,0.000000,0.000000,0.000000,-0.015772,-0.486451,-0.489186,-0.413979,0.593872,1.391173,-0.114195,0.017612,0.007644,0.005988,-0.003595,0.004214,-1.755848,0
0.972321,0.023727,-0.191864,XArbitraryZVertical,0.983517,0.013058,-0.180345,-1.000000,-1.000000,0.000000,0.000000,0.000000,-0.013058,-0.485061,-0.491019,-0.410765,0.595725,1.389444,0.015395,0.009804,-0.002906,0.007832,-0.008709,0.015932,-1.763988,0
0.982346,0.029221,-0.179260,XArbitraryZVertical,0.983678,0.018582,-0.178978,-1.000000,-1.000000,0.000000,0.000000,0.000000,-0.018583,-0.487531,-0.487192,-0.416119,0.593129,1.390817,-0.059759,0.011390,-0.033603,-0.009083,0.006992,-0.015282,-1.750103,0
0.987381,0.034714,-0.197632,XArbitraryZVertical,0.983246,0.022236,-0.180921,-1.000000,-1.000000,0.000000,0.000000,0.000000,-0.022238,-0.483877,-0.487897,-0.414120,0.596929,1.388828,-0.062784,-0.031400,-0.007667,0.001037,0.008602,0.000684,-1.760718,0
0.978256,0.020432,-0.172150,XArbitraryZVertical,0.983254,0.025184,-0.180490,-1.000000,-1.000000,0.000000,0.000000,0.000000,-0.025186,-0.487896,-0.483902,-0.419039,0.593467,1.389254,-0.021326,0.001013,-0.000539,0.005591,0.005212,-0.019523,-1.744451,0
0.975586,0.022156,-0.189514,XArbitraryZVertical,0.982713,0.020576,-0.183991,-1.000000,-1.000000,0.000000,0.000000,0.000000,-0.020577,-0.486251,-0.486466,-0.413951,0.596285,1.385711,-0.044288,-0.005985,0.011464,-0.007752,0.004098,0.009782,-1.756308,0
0.983414,0.028641,-0.191895,XArbitraryZVertical,0.982637,0.018704,-0.184591,-1.000000,-1.000000,0.000000,0.000000,0.000000,-0.018705,-0.487883,-0.486026,-0.414105,0.595202,1.385107,0.038458,-0.014433,0.007217,-0.007143,0.004612,-0.004007,-1.752806,0
0.984177,0.016556,-0.186508,XArbitraryZVertical,0.982518,0.017520,-0.185342,-1.000000,-1.000000,0.000000,0.000000,0.000000,-0.017521,-0.488804,-0.485768,-0.413955,0.594762,1.384348,0.017459,-0.006726,-0.000888,-0.002248,0.009732,-0.004050,-1.751226,0
0.987625,0.012192,-0.182861,XArbitraryZVertical,0.982286,0.016756,-0.186639,-1.000000,-1.000000,0.000000,0.000000,0.000000,-0.016757,-0.489398,-0.485473,-0.413517,0.594819,1.383030,-0.047145,0.001819,0.009575,-0.000779,0.003523,-0.006903,-1.750778,0
0.980103,0.014923,-0.179871,XArbitraryZVertical,0.982180,0.015953,-0.187266,-1.000000,-1.000000,0.000000,0.000000,0.000000,-0.015954,-0.488411,-0.486396,-0.412051,0.595892,1.382394,-0.020064,0.007734,-0.001449,0.003492,-0.002388,0.003779,-1.755200,0
0.976547,0.008926,-0.180710,XArbitraryZVertical,0.981910,0.018433,-0.188447,-1.000000,-1.000000,0.000000,0.000000,0.000000,-0.018434,-0.490024,-0.484048,-0.414094,0.595063,1.381183,-0.099600,-0.005252,-0.012788,0.007836,-0.006928,0.002412,-1.748566,0
0.985779,0.027878,-0.213455,XArbitraryZVertical,0.981215,0.017126,-0.192154,-1.000000,-1.000000,0.000000,0.000000,0.000000,-0.017127,-0.488269,-0.485222,-0.410467,0.598056,1.377411,0.021093,-0.029843,-0.023473,-0.012938,-0.009589,0.050735,-1.758139,0
0.991470,0.016220,-0.193985,XArbitraryZVertical,0.981922,0.020957,-0.188124,-1.000000,-1.000000,0.000000,0.000000,0.000000,-0.020958,-0.490926,-0.482402,-0.416205,0.594183,1.381503,0.100413,-0.015598,0.024031,-0.002414,0.002084,-0.015947,-1.743216,0
0.985901,0.023560,-0.198059,XArbitraryZVertical,0.982174,0.017836,-0.187124,-1.000000,-1.000000,0.000000,0.000000,0.000000,-0.017837,-0.488823,-0.485342,-0.413378,0.595495,1.382532,0.034952,-0.018620,0.013053,0.007801,-0.004301,-0.000315,-1.752159,0
0.982727,0.024384,-0.194611,XArbitraryZVertical,0.981837,0.017648,-0.188904,-1.000000,-1.000000,0.000000,0.000000,0.000000,-0.017649,-0.490336,-0.484091,-0.413768,0.594998,1.380721,0.041739,-0.019367,0.001013,0.002752,0.004477,-0.003219,-1.748491,0
0.982864,0.023453,-0.182693,XArbitraryZVertical,0.981732,0.018327,-0.189385,-1.000000,-1.000000,0.000000,0.000000,0.000000,-0.018328,-0.490628,-0.483526,-0.414137,0.594960,1.380228,0.021590,0.011313,-0.004002,-0.003888,0.003600,-0.004600,-1.747291,0
0.983368,0.012589,-0.183304,XArbitraryZVertical,0.981810,0.019434,-0.188870,-1.000000,-1.000000,0.000000,0.000000,0.000000,-0.019435,-0.491308,-0.482664,-0.415452,0.594181,1.380749,-0.121903,0.005298,-0.008159,-0.004301,-0.003031,-0.000217,-1.743722,0
0.982864,0.022263,-0.201019,XArbitraryZVertical,0.981406,0.019430,-0.190958,-1.000000,-1.000000,0.000000,0.000000,0.000000,-0.019431,-0.491586,-0.482148,-0.414795,0.594830,1.378621,-0.024502,-0.015204,0.002039,0.000085,-0.003027,0.004282,-1.744275,0
0.979706,0.010757,-0.191406,XArbitraryZVertical,0.981329,0.015650,-0.191698,-1.000000,-1.000000,0.000000,0.000000,0.000000,-0.015651,-0.491272,-0.483843,-0.412368,0.595399,1.377881,0.079735,0.005327,0.012634,0.003885,0.009283,-0.012053,-1.748967,0
0.980270,-0.001740,-0.190155,XArbitraryZVertical,0.981248,0.011490,-0.192407,-1.000000,-1.000000,0.000000,0.000000,0.000000,-0.011490,-0.489490,-0.486697,-0.408562,0.597163,1.377169,-0.037452,0.007569,0.003220,0.005645,0.002426,-0.008964,-1.758869,0
0.986221,0.003479,-0.185699,XArbitraryZVertical,0.981154,0.006507,-0.193116,-1.000000,-1.000000,0.000000,0.000000,0.000000,-0.006507,-0.486895,-0.490403,-0.403666,0.599576,1.376455,0.037360,0.011286,0.010422,0.000917,-0.001502,0.005662,-1.772132,0
0.985519,0.000900,-0.191177,XArbitraryZVertical,0.981460,0.004059,-0.191625,-1.000000,-1.000000,0.000000,0.000000,0.000000,-0.004059,-0.485254,-0.492760,-0.401715,0.600284,1.377977,-0.032316,0.002542,0.000857,0.002518,-0.009750,0.002370,-1.778597,0
0.987564,-0.000671,-0.190109,XArbitraryZVertical,0.981548,0.003264,-0.191190,-1.000000,-1.000000,0.000000,0.000000,0.000000,-0.003264,-0.485449,-0.493028,-0.401657,0.599945,1.378421,0.000793,0.010591,0.009636,0.003926,-0.002684,-0.002047,-1.778306,0
0.984100,-0.001526,-0.188629,XArbitraryZVertical,0.981707,0.002289,-0.190387,-1.000000,-1.000000,0.000000,0.000000,0.000000,-0.002289,-0.485193,-0.493734,-0.401289,0.599818,1.379239,-0.037253,0.005749,-0.001435,0.001555,-0.000580,-0.001111,-1.779417,0
0.987350,-0.007294,-0.185715,XArbitraryZVertical,0.981635,-0.000593,-0.190766,-1.000000,-1.000000,0.000000,0.000000,0.000000,0.000593,-0.485220,-0.494827,-0.399703,0.599954,1.378853,-0.003989,-0.000963,0.016325,0.002541,-0.001390,0.005860,-1.781960,0
0.984177,-0.005646,-0.189453,XArbitraryZVertical,0.981875,-0.004377,-0.189480,-1.000000,-1.000000,0.000000,0.000000,0.000000,0.004377,-0.484044,-0.497364,-0.397352,0.600368,1.380162,0.040645,0.013214,0.009563,0.001661,-0.008349,0.008358,-1.788130,0
0.993896,-0.015945,-0.183029,XArbitraryZVertical,0.981859,-0.005346,-0.189537,-1.000000,-1.000000,0.000000,0.000000,0.000000,0.005346,-0.485263,-0.496938,-0.397849,0.599406,1.380103,-0.018499,-0.005147,-0.009574,0.004149,-0.000925,-0.003395,-1.784903,0
0.977798,0.002533,-0.198990,XArbitraryZVertical,0.981988,-0.002419,-0.188926,-1.000000,-1.000000,0.000000,0.000000,0.000000,0.002419,-0.483210,-0.497219,-0.397883,0.600809,1.380728,-0.031927,-0.005740,-0.004782,0.011237,-0.006980,-0.000176,-1.788918,0
0.989807,-0.018753,-0.187775,XArbitraryZVertical,0.981552,-0.007124,-0.191061,-1.000000,-1.000000,0.000000,0.000000,0.000000,0.007124,-0.484533,-0.497878,-0.395711,0.600632,1.378549,0.117306,-0.004772,0.023958,0.000213,0.004102,-0.012369,-1.789830,0
0.988663,-0.030533,-0.181213,XArbitraryZVertical,0.982144,-0.012846,-0.187694,-1.000000,-1.000000,0.000000,0.000000,0.000000,0.012846,-0.478228,-0.504865,-0.388927,0.604272,1.381967,0.091785,0.023339,0.005925,-0.002850,-0.006334,-0.009862,-1.813253,0
0.981659,0.004608,-0.197357,XArbitraryZVertical,0.981683,-0.009622,-0.190278,-1.000000,-1.000000,0.000000,0.000000,0.000000,0.009622,-0.480646,-0.501559,-0.391535,0.603423,1.379342,-0.032788,0.014395,-0.017491,-0.019098,0.001245,-0.018294,-1.804282,0
0.978241,-0.003647,-0.193573,XArbitraryZVertical,0.981943,-0.009235,-0.188954,-1.000000,-1.000000,0.000000,0.000000,0.000000,0.009235,-0.479382,-0.502459,-0.391226,0.603879,1.380691,0.000937,0.003352,-0.027237,-0.005136,0.011691,0.004582,-1.807274,0
0.998062,-0.004639,-0.191193,XArbitraryZVertical,0.981917,-0.009127,-0.189090,-1.000000,-1.000000,0.000000,0.000000,0.000000,0.009127,-0.480636,-0.501579,-0.392268,0.602938,1.380553,0.033376,0.006949,-0.005182,-0.007857,0.014696,-0.011899,-1.803121,0
0.985718,-0.014404,-0.190079,XArbitraryZVertical,0.981868,-0.010498,-0.189272,-1.000000,-1.000000,0.000000,0.000000,0.000000,0.010498,-0.481461,-0.501557,-0.392179,0.602355,1.380365,-0.016889,-0.020289,-0.010019,0.003498,0.021759,0.000857,-1.801636,0
0.990280,-0.019699,-0.204865,XArbitraryZVertical,0.981376,-0.012382,-0.191694,-1.000000,-1.000000,0.000000,0.000000,0.000000,0.012382,-0.479003,-0.503460,-0.388176,0.605312,1.377893,-0.044772,0.044231,-0.121867,-0.018791,0.066398,0.042540,-1.812923,0
0.979111,-0.028610,-0.161240,XArbitraryZVertical,0.982840,-0.023088,-0.183010,-1.000000,-1.000000,0.000000,0.000000,0.000000,0.023090,-0.478568,-0.509530,-0.385842,0.602061,1.386699,0.137815,0.003841,0.026150,0.008432,0.006945,-0.019871,-1.817554,0
0.986389,0.016342,-0.180359,XArbitraryZVertical,0.982797,-0.029988,-0.182239,-1.000000,-1.000000,0.000000,0.000000,0.000000,0.029993,-0.472323,-0.516294,-0.377255,0.606655,1.387450,-0.066012,0.024426,-0.029366,-0.001901,-0.012172,0.011356,-1.843463,0
0.983398,-0.047348,-0.156342,XArbitraryZVertical,0.983365,-0.027147,-0.179602,-1.000000,-1.000000,0.000000,0.000000,0.000000,0.027150,-0.472816,-0.515386,-0.380231,0.605183,1.390147,-0.074932,0.012347,0.010722,-0.000485,-0.021895,0.006506,-1.837793,0
1.000458,-0.047272,-0.168655,XArbitraryZVertical,0.982904,-0.035444,-0.180673,-1.000000,-1.000000,0.000000,0.000000,0.000000,0.035452,-0.473211,-0.518129,-0.375774,0.605316,1.389010,-0.329838,0.033883,0.061049,0.000219,-0.035219,0.013513,-1.844085,0
0.995087,0.005142,-0.200226,XArbitraryZVertical,0.983256,-0.040739,-0.177619,-1.000000,-1.000000,0.000000,0.000000,0.000000,0.040750,-0.476049,-0.518959,-0.376659,0.601820,1.392080,-0.051601,-0.005067,0.000059,0.007513,-0.015948,0.019690,-1.837165,0
0.991562,-0.045410,-0.175812,XArbitraryZVertical,0.983376,-0.041697,-0.176727,-1.000000,-1.000000,0.000000,0.000000,0.000000,0.041709,-0.476444,-0.519245,-0.376857,0.601136,1.392980,0.142727,-0.037409,0.049099,-0.003442,-0.042547,0.007522,-1.836085,0
1.001740,-0.045609,-0.192749,XArbitraryZVertical,0.983362,-0.047176,-0.175426,-1.000000,-1.000000,0.000000,0.000000,0.000000,0.047194,-0.474538,-0.522764,-0.372833,0.602102,1.394259,0.012030,-0.007034,0.006753,0.001227,-0.014057,0.013912,-1.846185,0
0.999603,-0.050369,-0.181915,XArbitraryZVertical,0.983170,-0.047686,-0.176360,-1.000000,-1.000000,0.000000,0.000000,0.000000,0.047704,-0.476385,-0.521636,-0.373786,0.601030,1.393305,-0.011818,-0.010377,0.015550,-0.012650,-0.005201,-0.007295,-1.841061,0
0.990448,-0.027115,-0.185150,XArbitraryZVertical,0.983498,-0.038808,-0.176705,-1.000000,-1.000000,0.000000,0.000000,0.000000,0.038817,-0.473897,-0.519735,-0.376195,0.603137,1.393023,-0.059114,-0.016493,-0.009670,0.015906,-0.017406,0.004480,-1.842112,0
0.991486,-0.019592,-0.182693,XArbitraryZVertical,0.983329,-0.034165,-0.178594,-1.000000,-1.000000,0.000000,0.000000,0.000000,0.034171,-0.475479,-0.516609,-0.379233,0.602675,1.391133,0.003316,-0.001918,-0.035908,0.005593,-0.002044,0.006048,-1.834188,0
0.985382,-0.030106,-0.185028,XArbitraryZVertical,0.983500,-0.029444,-0.178497,-1.000000,-1.000000,0.000000,0.000000,0.000000,0.029448,-0.475019,-0.515091,-0.381356,0.602997,1.391259,0.004560,-0.003425,-0.004869,0.008077,-0.004263,-0.006760,-1.831707,0
0.988266,-0.027359,-0.177216,XArbitraryZVertical,0.983460,-0.026914,-0.179115,-1.000000,-1.000000,0.000000,0.000000,0.000000,0.026917,-0.475777,-0.513515,-0.383073,0.602656,1.390644,0.007601,0.010900,0.002168,0.002471,0.005781,-0.007989,-1.827481,0
0.985611,-0.026596,-0.181839,XArbitraryZVertical,0.983412,-0.027580,-0.179277,-1.000000,-1.000000,0.000000,0.000000,0.000000,0.027584,-0.475719,-0.513781,-0.382610,0.602769,1.390475,-0.025509,-0.004088,0.006939,0.009966,-0.008049,-0.002317,-1.828332,0
1.000031,-0.034302,-0.182419,XArbitraryZVertical,0.983444,-0.026678,-0.179237,-1.000000,-1.000000,0.000000,0.000000,0.000000,0.026682,-0.476408,-0.512999,-0.383684,0.602208,1.390521,-0.007427,0.009123,-0.009043,0.006683,0.003714,-0.004052,-1.825267,0
0.983688,-0.018021,-0.191345,XArbitraryZVertical,0.983188,-0.027562,-0.180506,-1.000000,-1.000000,0.000000,0.000000,0.000000,0.027566,-0.477402,-0.512480,-0.383551,0.601948,1.389225,-0.013073,-0.012729,0.018824,-0.006564,-0.000651,-0.004690,-1.823526,0
0.982941,-0.020432,-0.185028,XArbitraryZVertical,0.983025,-0.027193,-0.181444,-1.000000,-1.000000,0.000000,0.000000,0.000000,0.027196,-0.478814,-0.511264,-0.384561,0.601215,1.388273,0.030728,-0.006838,0.002157,0.008186,-0.008101,-0.004560,-1.819132,0
0.981735,-0.020798,-0.163406,XArbitraryZVertical,0.983077,-0.026885,-0.181209,-1.000000,-1.000000,0.000000,0.000000,0.000000,0.026889,-0.478683,-0.511270,-0.384707,0.601221,1.388514,0.025380,0.014166,-0.011096,0.005647,0.003570,-0.005147,-1.819157,0
0.977631,-0.029236,-0.179688,XArbitraryZVertical,0.983114,-0.028611,-0.180745,-1.000000,-1.000000,0.000000,0.000000,0.000000,0.028615,-0.476490,-0.513424,-0.382130,0.602768,1.388977,-0.040156,0.014039,-0.005554,0.004832,0.001985,-0.000255,-1.827581,0
0.989136,-0.031952,-0.185760,XArbitraryZVertical,0.982925,-0.028051,-0.181855,-1.000000,-1.000000,0.000000,0.000000,0.000000,0.028055,-0.477846,-0.512142,-0.383123,0.602155,1.387851,-0.011248,0.004452,-0.009233,-0.002929,0.006125,-0.003448,-1.823330,0
0.974442,-0.020401,-0.162552,XArbitraryZVertical,0.982978,-0.026910,-0.181739,-1.000000,-1.000000,0.000000,0.000000,0.000000,0.026913,-0.477932,-0.511663,-0.383837,0.602039,1.387974,-0.016540,0.010654,-0.001106,0.011605,-0.004019,-0.004494,-1.822021,0
0.989395,-0.020081,-0.190796,XArbitraryZVertical,0.982643,-0.029386,-0.183165,-1.000000,-1.000000,0.000000,0.000000,0.000000,0.029391,-0.475874,-0.513667,-0.380215,0.604257,1.386511,-0.111328,0.020501,-0.016316,0.004509,-0.007021,0.021574,-1.831823,0
0.985168,-0.030365,-0.182556,XArbitraryZVertical,0.982730,-0.025557,-0.183273,-1.000000,-1.000000,0.000000,0.000000,0.000000,0.025560,-0.480258,-0.509368,-0.385886,0.600823,1.386421,0.006279,-0.006031,0.008344,0.003720,-0.006700,-0.003602,-1.814159,0
0.980728,-0.031876,-0.174240,XArbitraryZVertical,0.982741,-0.029089,-0.182684,-1.000000,-1.000000,0.000000,0.000000,0.000000,0.029094,-0.476786,-0.513066,-0.381341,0.603339,1.387002,0.044172,0.011137,0.005310,0.002946,-0.002847,0.009634,-1.828247,0
0.974869,-0.009384,-0.167145,XArbitraryZVertical,0.983176,-0.028762,-0.180383,-1.000000,-1.000000,0.000000,0.000000,0.000000,0.028766,-0.476269,-0.513689,-0.382010,0.602793,1.389345,0.016680,0.014394,0.002359,0.018899,0.000548,-0.012580,-1.828207,0
0.978729,-0.025497,-0.169434,XArbitraryZVertical,0.983543,-0.028326,-0.178439,-1.000000,-1.000000,0.000000,0.000000,0.000000,0.028330,-0.474630,-0.514915,-0.381633,0.603279,1.391324,-0.001623,0.018620,0.000187,0.017342,-0.018809,-0.019284,-1.832026,0
0.981308,-0.041763,-0.176712,XArbitraryZVertical,0.983290,-0.029734,-0.179602,-1.000000,-1.000000,0.000000,0.000000,0.000000,0.029738,-0.473217,-0.516134,-0.379216,0.604869,1.390134,-0.009173,0.002834,-0.005897,-0.004423,-0.005621,-0.007272,-1.838626,0
0.987595,-0.022125,-0.200165,XArbitraryZVertical,0.982678,-0.033270,-0.182312,-1.000000,-1.000000,0.000000,0.000000,0.000000,0.033276,-0.471819,-0.517849,-0.375069,0.607077,1.387356,-0.104321,-0.000620,0.014561,0.005451,-0.003259,0.004486,-1.847901,0
0.978699,-0.049622,-0.189026,XArbitraryZVertical,0.982628,-0.036048,-0.182053,-1.000000,-1.000000,0.000000,0.000000,0.000000,0.036056,-0.472778,-0.518365,-0.374528,0.606224,1.387602,0.040576,-0.005980,0.035597,-0.000709,-0.007073,-0.006286,-1.846887,0
0.977234,-0.067368,-0.155563,XArbitraryZVertical,0.982866,-0.045474,-0.178622,-1.000000,-1.000000,0.000000,0.000000,0.000000,0.045490,-0.474591,-0.521481,-0.372487,0.603386,1.391023,-0.026485,0.036874,0.026724,0.011198,0.026065,-0.007413,-1.846595,0
0.994263,-0.042862,-0.168701,XArbitraryZVertical,0.983925,-0.050130,-0.171400,-1.000000,-1.000000,0.000000,0.000000,0.000000,0.050151,-0.472609,-0.525835,-0.371211,0.601947,1.398327,-0.089715,0.067191,0.012481,-0.004570,-0.016108,-0.009157,-1.852546,0
0.983078,-0.068817,-0.156906,XArbitraryZVertical,0.985121,-0.053542,-0.163310,-1.000000,-1.000000,0.000000,0.000000,0.000000,0.053567,-0.464736,-0.533475,-0.365718,0.604711,1.406514,0.203489,0.037122,0.002637,-0.008177,0.016493,0.013545,-1.876510,0
0.983002,-0.061783,-0.149597,XArbitraryZVertical,0.985726,-0.052776,-0.159870,-1.000000,-1.000000,0.000000,0.000000,0.000000,0.052801,-0.465207,-0.533569,-0.367926,0.602924,1.410012,-0.053545,0.029773,-0.004586,0.002143,-0.001759,0.001010,-1.872178,0
0.981140,-0.026764,-0.159042,XArbitraryZVertical,0.987084,-0.050479,-0.152041,-1.000000,-1.000000,0.000000,0.000000,0.000000,0.050501,-0.471906,-0.529977,-0.378290,0.594412,1.417967,-0.353408,0.016659,-0.017177,0.016059,-0.012357,0.005023,-1.842886,0
0.964264,-0.061844,-0.160950,XArbitraryZVertical,0.987701,-0.043060,-0.150305,-1.000000,-1.000000,0.000000,0.000000,0.000000,0.043073,-0.484834,-0.518885,-0.394469,0.583171,1.419779,0.047023,-0.013925,0.001116,0.000351,0.015823,-0.009073,-1.791446,0
0.987564,-0.048996,-0.184021,XArbitraryZVertical,0.984487,-0.044689,-0.169673,-1.000000,-1.000000,0.000000,0.000000,0.000000,0.044704,-0.474918,-0.522652,-0.376826,0.599408,1.400126,0.166501,-0.026933,0.006982,-0.007085,-0.025532,0.025752,-1.839182,0
0.992538,-0.046158,-0.149490,XArbitraryZVertical,0.984768,-0.052652,-0.165707,-1.000000,-1.000000,0.000000,0.000000,0.000000,0.052677,-0.473516,-0.527296,-0.372968,0.598863,1.404088,0.174050,-0.013412,0.011161,0.007267,0.009195,-0.010074,-1.848070,0
0.983017,-0.062775,-0.171997,XArbitraryZVertical,0.982986,-0.062518,-0.172712,-1.000000,-1.000000,0.000000,0.000000,0.000000,0.062559,-0.459643,-0.537862,-0.352631,0.612441,1.396871,0.156542,-0.040797,0.001423,-0.020370,-0.034070,0.019910,-1.906468,0
0.983261,-0.056625,-0.170242,XArbitraryZVertical,0.982798,-0.053793,-0.176675,-1.000000,-1.000000,0.000000,0.000000,0.000000,0.053819,-0.463080,-0.531889,-0.358826,0.611469,1.392928,-0.003108,-0.044620,-0.011660,0.007207,-0.003137,-0.014853,-1.890258,0
0.982574,-0.055984,-0.191208,XArbitraryZVertical,0.982300,-0.052136,-0.179911,-1.000000,-1.000000,0.000000,0.000000,0.000000,0.052160,-0.462699,-0.530846,-0.358117,0.613078,1.389652,-0.028802,0.024602,-0.004639,-0.003586,-0.013919,0.006113,-1.892048,0
0.980377,-0.064072,-0.150620,XArbitraryZVertical,0.982196,-0.054843,-0.179677,-1.000000,-1.000000,0.000000,0.000000,0.000000,0.054871,-0.464272,-0.530961,-0.358109,0.611792,1.389863,0.032595,-0.031560,0.032506,0.007398,-0.013989,-0.025065,-1.889029,0
0.993240,-0.045731,-0.211700,XArbitraryZVertical,0.981061,-0.066758,-0.181832,-1.000000,-1.000000,0.000000,0.000000,0.000000,0.066808,-0.467289,-0.533079,-0.353427,0.610375,1.387533,-0.085862,0.026186,0.009206,0.011462,0.083131,-0.027915,-1.890369,0
0.981949,-0.056686,-0.188385,XArbitraryZVertical,0.980624,-0.066120,-0.184403,-1.000000,-1.000000,0.000000,0.000000,0.000000,0.066168,-0.469318,-0.531141,-0.354525,0.609871,1.384921,-0.023382,-0.019758,-0.024159,-0.008090,-0.002316,0.012573,-1.884708,0
0.991745,-0.068298,-0.179138,XArbitraryZVertical,0.980740,-0.058521,-0.186345,-1.000000,-1.000000,0.000000,0.000000,0.000000,0.058554,-0.472213,-0.526277,-0.360361,0.608430,1.383030,0.039532,0.008061,-0.027353,0.001377,0.011860,-0.006587,-1.870058,0
0.981888,-0.059097,-0.193344,XArbitraryZVertical,0.980906,-0.060034,-0.184984,-1.000000,-1.000000,0.000000,0.000000,0.000000,0.060070,-0.469349,-0.528794,-0.357610,0.610085,1.384401,-0.022680,-0.005987,0.006591,0.001989,0.009924,0.002534,-1.879898,0
0.978638,-0.064178,-0.184464,XArbitraryZVertical,0.980770,-0.060568,-0.185531,-1.000000,-1.000000,0.000000,0.000000,0.000000,0.060605,-0.469453,-0.528817,-0.357194,0.610229,1.383837,-0.037475,0.013070,-0.007531,0.001514,-0.000894,-0.007447,-1.880327,0
0.976685,-0.062424,-0.174774,XArbitraryZVertical,0.980836,-0.058526,-0.185835,-1.000000,-1.000000,0.000000,0.000000,0.000000,0.058560,-0.471094,-0.527044,-0.359593,0.609088,1.383550,0.025276,-0.000444,-0.003197,0.003478,0.018518,-0.007524,-1.873433,0
0.983429,-0.063171,-0.191483,XArbitraryZVertical,0.980596,-0.059214,-0.186880,-1.000000,-1.000000,0.000000,0.000000,0.000000,0.059249,-0.470764,-0.527278,-0.358522,0.609771,1.382476,-0.026749,-0.013774,-0.001155,0.004572,-0.006857,-0.005747,-1.875712,0
0.973328,-0.022995,-0.188202,XArbitraryZVertical,0.980979,-0.057957,-0.185262,-1.000000,-1.000000,0.000000,0.000000,0.000000,0.057990,-0.470226,-0.527463,-0.359377,0.609523,1.384140,0.132976,0.038570,0.002337,0.014505,0.004765,-0.015528,-1.875463,0
0.978226,-0.074707,-0.174820,XArbitraryZVertical,0.981065,-0.060135,-0.184105,-1.000000,-1.000000,0.000000,0.000000,0.000000,0.060172,-0.468683,-0.529401,-0.357326,0.610237,1.385295,0.078519,0.025006,-0.003046,0.001875,0.010422,0.006737,-1.881640,0
0.977600,-0.056366,-0.185349,XArbitraryZVertical,0.981862,-0.059835,-0.179908,-1.000000,-1.000000,0.000000,0.000000,0.000000,0.059871,-0.469787,-0.529491,-0.360118,0.607663,1.389575,0.028849,0.001634,0.003345,0.003566,0.005880,-0.005669,-1.875244,0
0.997192,-0.156647,-0.170456,XArbitraryZVertical,0.981698,-0.061277,-0.180316,-1.000000,-1.000000,0.000000,0.000000,0.000000,0.061315,-0.468449,-0.530726,-0.358011,0.608863,1.389144,0.054356,-0.011242,-0.016399,0.008551,-0.003909,0.007144,-1.881094,0
0.974258,-0.027588,-0.164856,XArbitraryZVertical,0.981613,-0.060764,-0.180952,-1.000000,-1.000000,0.000000,0.000000,0.000000,0.060802,-0.465953,-0.531870,-0.355862,0.611035,1.388501,-0.010301,-0.018138,-0.043348,0.010010,-0.006420,-0.011385,-1.889230,0
0.998825,-0.073578,-0.198547,XArbitraryZVertical,0.980586,-0.059080,-0.186979,-1.000000,-1.000000,0.000000,0.000000,0.000000,0.059114,-0.465177,-0.530460,-0.353726,0.614085,1.382377,-0.013654,0.004096,0.015037,0.008260,0.001478,0.018324,-1.893921,0
0.982056,-0.079086,-0.175217,XArbitraryZVertical,0.981450,-0.060824,-0.181814,-1.000000,-1.000000,0.000000,0.000000,0.000000,0.060862,-0.463926,-0.532889,-0.353727,0.612927,1.387623,0.041642,0.032160,-0.002603,-0.008092,-0.036862,0.013708,-1.896413,0
0.983734,-0.059250,-0.170746,XArbitraryZVertical,0.981781,-0.065874,-0.178230,-1.000000,-1.000000,0.000000,0.000000,0.000000,0.065921,-0.464926,-0.534873,-0.353264,0.610703,1.391215,-0.165872,-0.008795,0.005734,0.012939,-0.014479,-0.014413,-1.895247,0
0.987198,-0.044388,-0.202698,XArbitraryZVertical,0.981951,-0.063923,-0.178008,-1.000000,-1.000000,0.000000,0.000000,0.000000,0.063966,-0.465206,-0.534054,-0.354658,0.610400,1.391464,-0.015428,0.024258,0.006769,0.005186,0.004078,0.006530,-1.892569,0
0.972198,-0.043396,-0.169250,XArbitraryZVertical,0.981819,-0.065186,-0.178278,-1.000000,-1.000000,0.000000,0.000000,0.000000,0.065232,-0.465142,-0.534491,-0.353809,0.610558,1.391174,-0.039551,0.004934,-0.008135,0.000954,-0.001693,-0.005347,-1.893992,0
0.982117,-0.067200,-0.179016,XArbitraryZVertical,0.981720,-0.064747,-0.178979,-1.000000,-1.000000,0.000000,0.000000,0.000000,0.064792,-0.463900,-0.534906,-0.352685,0.611790,1.390465,0.075070,-0.022509,-0.009856,0.005371,-0.002483,-0.011008,-1.898105,0
0.981476,-0.069366,-0.176758,XArbitraryZVertical,0.981031,-0.063875,-0.183026,-1.000000,-1.000000,0.000000,0.000000,0.000000,0.063919,-0.465024,-0.533101,-0.352548,0.612589,1.386351,0.006293,-0.008081,-0.003540,0.006427,-0.007826,0.005536,-1.896080,0
0.983734,-0.063339,-0.182678,XArbitraryZVertical,0.981376,-0.063338,-0.181354,-1.000000,-1.000000,0.000000,0.000000,0.000000,0.063381,-0.465424,-0.533025,-0.353846,0.611602,1.388062,0.011924,0.003359,-0.000146,0.005089,-0.000001,-0.006284,-1.893343,0
0.983246,-0.064667,-0.172089,XArbitraryZVertical,0.981305,-0.063819,-0.181569,-1.000000,-1.000000,0.000000,0.000000,0.000000,0.063863,-0.464886,-0.533464,-0.353031,0.612099,1.387837,0.010176,-0.014455,0.000704,0.009768,-0.008675,-0.011775,-1.895629,0
0.983597,-0.061996,-0.177948,XArbitraryZVertical,0.981359,-0.064970,-0.180871,-1.000000,-1.000000,0.000000,0.000000,0.000000,0.065015,-0.464280,-0.534372,-0.352152,0.612274,1.388535,0.016138,-0.021803,-0.004470,0.001643,-0.003008,-0.008338,-1.898158,0
0.986267,-0.066452,-0.189255,XArbitraryZVertical,0.981614,-0.064965,-0.179480,-1.000000,-1.000000,0.000000,0.000000,0.000000,0.065011,-0.463688,-0.535001,-0.352184,0.612155,1.389953,0.022468,0.003771,0.006266,0.005248,0.001611,0.002203,-1.899273,0
0.985001,-0.070679,-0.181702,XArbitraryZVertical,0.981839,-0.065458,-0.178065,-1.000000,-1.000000,0.000000,0.000000,0.000000,0.065504,-0.462553,-0.536126,-0.351478,0.612435,1.391388,0.032483,-0.001287,0.005994,0.005694,-0.010073,0.007685,-1.902564,0
0.990982,-0.064972,-0.181259,XArbitraryZVertical,0.981060,-0.067810,-0.181447,-1.000000,-1.000000,0.000000,0.000000,0.000000,0.067862,-0.460984,-0.537142,-0.347498,0.614994,1.387913,0.038800,-0.032584,0.000386,0.002201,-0.001526,0.016377,-1.911603,0
0.975067,-0.084900,-0.168167,XArbitraryZVertical,0.981388,-0.068232,-0.179505,-1.000000,-1.000000,0.000000,0.000000,0.000000,0.068285,-0.462991,-0.536564,-0.349781,0.612692,1.389887,-0.004425,-0.034275,-0.002611,-0.017536,0.023478,-0.021789,-1.904293,0
